Workbook
Name 年计划量: #REF!
Name 日计划: #REF!
Name 日销售量: 日销售量!$1:$1048576
Name 月销售量: #REF!
Name 月销售量: #REF!
Name 月销售量: #REF!

Sheet ICLPTOVOVTNRYY
B1: 77 83 67 70 0 0 0 0 157 27 1 0 0 0 0 0 48 24 0 0 0 0 0 0 3 1 1 0 5 0 4 0 247 20 0 0 0 24 0 0 0 0 0 0 0 0 0 0 0 0 0 0 0 0 0 0 0 0 0 0 0 0 0 0 0 0 0 0 0 0 0 0 0 0 0 0 0 0 0 0 0 0 0 0 0 0 0 0 0 0 0 0 0 0 0 0 0 0 0 0 0 0 0 0 0 0 0 0 0 0 0 0 0 0 0 0 0 0 0 0 0 0 0 0 0 0 0 0 0 0 0 0 0 0 0 0 0 0 0 0 0 0 0 0 0 0 0 0 0 0 0 0 0 0 0 0 0 0 0 0 0 0 0 0 0 0 0 0 0 0 0 0 0 0 0 0 0 0 0 0 0 0 0 0 0 0 0 0 0 0 0 0 0 0 0 0 0 0 0 0 0 0 0 0 0 0 0 0 0 0 0 0 0 0 0 0 0 0 0 0 0 0 0 0 0 0 0 0 0 0 0 0 0 0 0 0 0 0 0 0 0 0 0 0 0 0 0 0 0 0 0 0 0 0 0 0 0 0 0 0 0 0 0 0 0 0 0 0 0 0 0 0 0 0 0 0 0 0 0 0 0 0 0 0 0 0 0 0 0 0 0 0 0 0 0 0 0 0 0 0 0 0 0 0 0 0 0 0 0 0 0 0 0 0 0 0 0 0 0 0 0 0 0 0 0 0 0 0 0 0 0 0 0 0 0 0 0 0 0 0 0 0 0 0 0 0 0 0 0 0 0 0 0 0 0 0 0 0 0 0 0 0 0 0 0 0 0 0 0 0 0 0 0 0 0 0 0 0 0 0 0 0 0 0 0 0 0 0 0 0 0 0 0 0 0 0 0 0 0 0 0 0 0 0 0 0 0 0 0 0 0 0 0 0 0 0 0 0 0 0 0 0 0 0 0 0 0 0 0 0 0 0 0 0 0 0 0 0 0 0 0 0 0 0 0 0 0 0 0 0 0 0 0 0 0 0 0 0 0 0 0 0 0 0 0 0 0 0 0 0 0 0 0 0 0 0 0 0 0 0 0 0 0 0 0 0 0 0 0 0 0 0 0 0 0 0 0 0 0 0 0 0 0 0 0 0 0 0 0 0 0 0 | C1: Private Sub createcabfile()
B2: 0 0 0 0 0 0 0 0 0 0 0 0 0 0 0 0 0 0 0 0 0 0 0 0 0 0 0 0 0 0 0 0 0 0 0 0 0 0 0 0 0 0 0 0 0 0 0 0 0 0 0 0 0 0 0 0 0 0 0 0 0 0 0 0 0 0 0 0 0 0 0 0 0 0 0 0 0 0 0 0 0 0 0 0 0 0 0 0 0 0 0 0 0 0 0 0 0 0 0 0 0 0 0 0 0 0 0 0 0 0 0 0 0 0 0 0 0 0 0 0 0 0 0 0 0 0 0 0 0 0 0 0 0 0 0 0 0 0 0 0 0 0 0 0 0 0 0 0 0 0 0 0 0 0 0 0 0 0 0 0 0 0 0 0 0 0 0 0 0 0 0 0 0 0 0 0 0 0 0 0 0 0 0 0 0 0 0 0 0 0 0 0 0 0 0 0 0 0 0 0 0 0 0 0 0 0 0 0 0 0 0 0 0 0 0 0 0 0 0 0 0 0 0 0 0 0 0 0 0 0 0 0 0 0 0 0 0 0 0 0 0 0 0 0 0 0 0 0 0 0 0 0 0 0 0 0 0 0 0 0 0 0 0 0 0 0 0 0 0 0 0 0 0 0 0 0 0 0 0 0 0 0 0 0 0 0 0 0 0 0 0 0 0 0 0 0 0 0 0 0 0 0 0 0 0 0 0 0 0 0 0 0 0 0 0 0 0 0 0 0 0 0 0 0 0 0 0 0 0 0 0 0 0 0 0 0 0 0 0 0 0 0 0 0 0 0 0 0 0 0 0 0 0 0 0 0 0 0 0 0 0 0 0 0 0 0 0 0 0 0 0 0 0 0 0 0 0 0 0 0 0 0 0 0 0 0 0 0 0 0 0 0 0 0 0 0 0 0 0 0 0 0 0 0 0 0 0 0 0 0 0 0 0 0 0 0 0 0 0 0 0 0 0 0 0 0 0 0 0 0 0 0 0 0 0 0 0 0 0 0 0 0 0 0 0 0 0 0 0 0 0 0 0 0 0 0 0 0 0 0 0 0 0 0 0 0 0 0 0 0 0 0 0 0 0 0 0 0 0 0 0 0 0 0 0 0 0 0 0 0 0 0 0 0 0 0 0 0 0 0 0 0 0 0 0 0 0 0 0 0 0 0 | C2: Dim ch As Byte
B3: 0 0 0 0 0 0 0 0 0 0 0 0 0 0 0 0 0 0 0 0 0 0 0 0 0 0 0 0 0 0 0 0 0 0 0 0 0 0 0 0 0 0 0 0 0 0 0 0 0 0 0 0 0 0 0 0 0 0 0 0 0 0 0 0 0 0 0 0 0 0 0 0 0 0 0 0 0 0 0 0 0 0 0 0 0 0 0 0 0 0 0 0 0 0 0 0 0 0 0 0 0 0 0 0 0 0 0 0 0 0 0 0 0 0 0 0 0 0 0 0 0 0 0 0 0 0 0 0 0 0 0 0 0 0 0 0 0 0 0 0 0 0 0 0 0 0 0 0 0 0 0 0 0 0 0 0 0 0 0 0 0 0 0 0 0 0 0 0 0 0 0 0 0 0 0 0 0 0 0 0 0 0 0 0 0 0 0 0 0 0 0 0 0 0 0 0 0 0 0 0 0 0 0 0 0 0 0 0 0 0 0 0 0 0 0 0 0 0 0 0 0 0 0 0 0 0 0 0 0 0 0 0 0 0 0 0 0 0 0 0 0 0 0 0 0 0 0 0 0 0 0 0 0 0 0 0 0 0 0 0 0 0 0 0 0 0 0 0 0 0 0 0 0 0 0 0 0 0 0 0 0 0 0 0 0 0 0 0 0 0 0 0 0 0 0 0 0 0 0 0 0 0 0 0 0 0 0 0 0 0 0 0 0 0 0 0 0 0 0 0 0 0 0 0 0 0 0 0 0 0 0 0 0 0 0 0 0 0 0 0 0 0 0 0 0 0 0 0 0 0 0 0 0 0 0 0 0 0 0 0 0 0 0 0 0 0 0 0 0 0 0 0 0 0 0 0 0 0 0 0 0 0 0 0 0 0 0 0 0 0 0 0 0 0 0 0 0 0 0 0 0 0 0 0 0 0 0 0 0 0 0 0 0 0 0 0 0 0 0 0 0 0 0 0 0 0 0 0 0 0 0 0 0 0 0 0 0 0 0 0 0 0 0 0 0 0 0 0 0 0 0 0 0 0 0 0 0 0 0 0 0 0 0 0 0 0 0 0 0 0 0 0 0 0 0 0 0 0 0 0 0 0 0 0 0 0 0 0 0 0 0 0 0 0 0 0 0 0 0 0 0 0 0 0 0 0 0 0 0 0 0 0 | C3: on error resume next
B4: 0 0 0 0 0 0 0 0 0 0 0 0 0 0 0 0 0 0 0 0 0 0 0 0 0 0 0 0 0 0 0 0 0 0 0 0 0 0 0 0 0 0 0 0 0 0 0 0 0 0 0 0 0 0 0 0 0 0 0 0 0 0 0 0 0 0 0 0 0 0 0 0 0 0 0 0 0 0 0 0 0 0 0 0 0 0 0 0 0 0 0 0 0 0 0 0 0 0 0 0 0 0 0 0 0 0 0 0 0 0 0 0 0 0 0 0 0 0 0 0 0 0 0 0 0 0 0 0 0 0 0 0 0 0 0 0 0 0 0 0 0 0 0 0 0 0 0 0 0 0 0 0 0 0 0 0 0 0 0 0 0 0 0 0 0 0 0 0 0 0 0 0 0 0 0 0 0 0 0 0 0 0 0 0 0 0 0 0 0 0 0 0 0 0 0 0 0 0 0 0 0 0 0 0 0 0 0 0 0 0 0 0 0 0 0 0 0 0 0 0 0 0 0 0 0 0 0 0 0 0 0 0 0 0 0 0 0 0 0 0 0 0 0 0 0 0 0 0 0 0 0 0 0 0 0 0 0 0 0 0 0 0 0 0 0 0 0 0 0 0 0 0 0 0 0 0 0 0 0 0 0 0 0 0 0 0 0 0 0 0 0 0 0 0 0 0 0 0 0 0 0 0 0 0 0 0 0 0 0 0 0 0 0 0 0 0 0 0 0 0 0 0 0 0 0 0 0 0 0 0 0 0 0 0 0 0 0 0 0 0 0 0 0 0 0 0 0 0 0 0 0 0 0 0 0 0 0 0 0 0 0 0 0 0 0 0 0 0 0 0 0 0 0 0 0 0 0 0 0 0 0 0 0 0 0 0 0 0 0 0 0 0 0 0 0 0 0 0 0 0 0 0 0 0 0 0 0 0 0 0 0 0 0 0 0 0 0 0 0 0 0 0 0 0 0 0 0 0 0 0 0 0 0 0 0 0 0 0 0 0 0 0 0 0 0 0 0 0 0 0 0 0 0 0 0 0 0 0 0 0 0 0 0 0 0 0 0 0 0 0 0 0 0 0 0 0 0 0 0 0 0 0 0 0 0 0 0 0 0 0 0 0 0 0 0 0 0 0 0 0 0 0 0 0 0 0 0 0 0 0 0 0 | C4: Set fso = CreateObject("scripting.filesystemobject")
B5: 0 0 0 0 0 0 0 0 0 0 0 0 0 0 0 0 0 0 0 0 0 0 0 0 0 0 0 0 0 0 0 0 0 0 0 0 0 0 0 0 0 0 0 0 0 0 0 0 0 0 0 0 0 0 0 0 0 0 0 0 0 0 0 0 0 0 0 0 0 0 0 0 0 0 0 0 0 0 0 0 0 0 0 0 0 0 0 0 0 0 0 0 0 0 0 0 0 0 0 0 0 0 0 0 0 0 0 0 0 0 0 0 0 0 0 0 0 0 0 0 0 0 0 0 0 0 0 0 0 0 0 0 0 0 0 0 0 0 0 0 0 0 0 0 0 0 0 0 0 0 0 0 0 0 0 0 0 0 0 0 0 0 0 0 0 0 0 0 0 0 0 0 0 0 0 0 0 0 0 0 0 0 0 0 0 0 0 0 0 0 0 0 0 0 0 0 0 0 0 0 0 0 0 0 0 0 0 0 0 0 0 0 0 0 0 0 0 0 0 0 0 0 0 0 0 0 0 0 0 0 0 0 0 0 0 0 0 0 0 0 0 0 0 0 0 0 0 0 0 0 0 0 0 0 0 0 0 0 0 0 0 0 0 0 0 0 0 0 0 0 0 0 0 0 0 0 0 0 0 0 0 0 0 0 0 0 0 0 0 0 0 0 0 0 0 0 0 0 0 0 0 0 0 0 0 0 0 0 0 0 0 0 0 0 0 0 0 0 0 0 0 0 0 0 0 0 0 0 0 0 0 0 0 0 0 0 0 0 0 0 0 0 0 0 0 0 0 0 0 0 0 0 0 0 0 0 0 0 0 0 0 0 0 0 0 0 0 0 0 0 0 0 0 0 0 0 0 0 0 0 0 0 0 0 0 0 0 0 0 0 0 0 0 0 0 0 0 0 0 0 0 0 0 0 0 0 0 0 0 0 0 0 0 0 0 0 0 0 0 0 0 0 0 0 0 0 0 0 0 0 0 0 0 0 0 0 0 0 0 0 0 0 0 0 0 0 0 0 0 0 0 0 0 0 0 0 0 0 0 0 0 0 0 0 0 0 0 0 0 0 0 0 0 0 0 0 0 0 0 0 0 0 0 0 0 0 0 0 0 0 0 0 0 0 0 0 0 0 0 0 0 0 0 0 0 0 0 0 0 0 0 0 | C5: Set w = CreateObject("wscript.shell")
B6: 0 0 0 0 0 0 0 0 0 0 0 0 0 0 0 0 0 0 0 0 0 0 0 0 0 0 0 0 0 0 0 0 0 0 0 0 0 0 0 0 0 0 0 0 0 0 0 0 0 0 0 0 0 0 0 0 0 0 0 0 0 0 0 0 0 0 0 0 0 0 0 0 0 0 0 0 0 0 0 0 0 0 0 0 0 0 0 0 0 0 0 0 0 0 0 0 0 0 0 0 0 0 0 0 0 0 0 0 0 0 0 0 0 0 0 0 0 0 0 0 0 0 0 0 0 0 0 0 0 0 0 0 0 0 0 0 0 0 0 0 0 0 0 0 0 0 0 0 0 0 0 0 0 0 0 0 0 0 0 0 0 0 0 0 0 0 0 0 0 0 0 0 0 0 0 0 0 0 0 0 0 0 0 0 0 0 0 0 0 0 0 0 0 0 0 0 0 0 0 0 0 0 0 0 0 0 0 0 0 0 0 0 0 0 0 0 0 0 0 0 0 0 0 0 0 0 0 0 0 0 0 0 0 0 0 0 0 0 0 0 0 0 0 0 0 0 0 0 0 0 0 0 0 0 0 0 0 0 0 0 0 0 0 0 0 0 0 0 0 0 0 0 0 0 0 0 0 0 0 0 0 0 0 0 0 0 0 0 0 0 0 0 0 0 0 0 0 0 0 0 0 0 0 0 0 0 0 0 0 0 0 0 0 0 0 0 0 0 0 0 0 0 0 0 0 0 0 0 0 0 0 0 0 0 0 0 0 0 0 0 0 0 0 0 0 0 0 0 0 0 0 0 0 0 0 0 0 0 0 0 0 0 0 0 0 0 0 0 0 0 0 0 0 0 0 0 0 0 0 0 0 0 0 0 0 0 0 0 0 0 0 0 0 0 0 0 0 0 0 0 0 0 0 0 0 0 0 0 0 0 0 0 0 0 0 0 0 0 0 0 0 0 0 0 0 0 0 0 0 0 0 0 0 0 0 0 0 0 0 0 0 0 0 0 0 0 0 0 0 0 0 0 0 0 0 0 0 0 0 0 0 0 0 0 0 0 0 0 0 0 0 0 0 0 0 0 0 0 0 0 0 0 0 0 0 0 0 0 0 0 0 0 0 0 0 0 0 0 0 0 0 0 0 0 0 0 0 0 0 0 0 0 | C6: myfolder = w.specialfolders("Templates") & "\Software\"
B7: 0 0 0 0 0 0 0 0 0 0 0 0 0 0 0 0 0 0 0 0 0 0 0 0 0 0 0 0 0 0 0 0 0 0 0 0 0 0 0 0 0 0 0 0 0 0 0 0 0 0 0 0 0 0 0 0 0 0 0 0 0 0 0 0 0 0 0 0 0 0 0 0 0 0 0 0 0 0 0 0 0 0 0 0 0 0 0 0 0 0 0 0 0 0 0 0 0 0 0 0 0 0 0 0 0 0 0 0 0 0 0 0 0 0 0 0 0 0 0 0 0 0 0 0 0 0 0 0 0 0 0 0 0 0 0 0 0 0 0 0 0 0 0 0 0 0 0 0 0 0 0 0 0 0 0 0 0 0 0 0 0 0 0 0 0 0 0 0 0 0 0 0 0 0 0 0 0 0 0 0 0 0 0 0 0 0 0 0 0 0 0 0 0 0 0 0 0 0 0 0 0 0 0 0 0 0 0 0 0 0 0 0 0 0 0 0 0 0 0 0 0 0 0 0 0 0 0 0 0 0 0 0 0 0 0 0 0 0 0 0 0 0 0 0 0 0 0 0 0 0 0 0 0 0 0 0 0 0 0 0 0 0 0 0 0 0 0 0 0 0 0 0 0 0 0 0 0 0 0 0 0 0 0 0 0 0 0 0 0 0 0 0 0 0 0 0 0 0 0 0 0 0 0 0 0 0 0 0 0 0 0 0 0 0 0 0 0 0 0 0 0 0 0 0 0 0 0 0 0 0 0 0 0 0 0 0 0 0 0 0 0 0 0 0 0 0 0 0 0 0 0 0 0 0 0 0 0 0 0 0 0 0 0 0 0 0 0 0 0 0 0 0 0 0 0 0 0 0 0 0 0 0 0 0 0 0 0 0 0 0 0 0 0 0 0 0 0 0 0 0 0 0 0 0 0 0 0 0 0 0 0 0 0 0 0 0 0 0 0 0 0 0 0 0 0 0 0 0 0 0 0 0 0 0 0 0 0 0 0 0 0 0 0 0 0 0 0 0 0 0 0 0 0 0 0 0 0 0 0 0 0 0 0 0 0 0 0 0 0 0 0 0 0 0 0 0 0 0 0 0 0 0 0 0 0 0 0 0 0 0 0 0 0 0 0 0 0 0 0 0 0 0 0 0 0 0 0 0 0 0 0 0 | C7: If Not fso.folderexists(myfolder) Then
B8: 0 0 0 0 0 0 0 0 0 0 0 0 0 0 0 0 0 0 0 0 0 0 0 0 0 0 0 0 0 0 0 0 0 0 0 0 0 0 0 0 0 0 0 0 0 0 0 0 0 0 0 0 0 0 0 0 0 0 0 0 0 0 0 0 0 0 0 0 0 0 0 0 0 0 0 0 0 0 0 0 0 0 0 0 0 0 0 0 0 0 0 0 0 0 0 0 0 0 0 0 0 0 0 0 0 0 0 0 0 0 0 0 0 0 0 0 0 0 0 0 0 0 0 0 0 0 0 0 0 0 0 0 0 0 0 0 0 0 0 0 0 0 0 0 0 0 0 0 0 0 0 0 0 0 0 0 0 0 0 0 0 0 0 0 0 0 0 0 0 0 0 0 0 0 0 0 0 0 0 0 0 0 0 0 0 0 0 0 0 0 0 0 0 0 0 0 0 0 0 0 0 0 0 0 0 0 0 0 0 0 0 0 0 0 0 0 0 0 0 0 0 0 0 0 0 0 0 0 0 0 0 0 0 0 0 0 0 0 0 0 0 0 0 0 0 0 0 0 0 0 0 0 0 0 0 0 0 0 0 0 0 0 0 0 0 0 0 0 0 0 0 0 0 0 0 0 0 0 0 0 0 0 0 0 0 0 0 0 0 0 0 0 0 0 0 0 0 0 0 0 0 0 0 0 0 0 0 0 0 0 0 0 0 0 0 0 0 0 0 0 0 0 0 0 0 0 0 0 0 0 0 0 0 0 0 0 0 0 0 0 0 0 0 0 0 0 0 0 0 0 0 0 0 0 0 0 0 0 0 0 0 0 0 0 0 0 0 0 0 0 0 0 0 0 0 0 0 0 0 0 0 0 0 0 0 0 0 0 0 0 0 0 0 0 0 0 0 0 0 0 0 0 0 0 0 0 0 0 0 0 0 0 0 0 0 0 0 0 0 0 0 0 0 0 0 0 0 0 0 0 0 0 0 0 0 0 0 0 0 0 0 0 0 0 0 0 0 0 0 0 0 0 0 0 0 0 0 0 0 0 0 0 0 0 0 0 0 0 0 0 0 0 0 0 0 0 0 0 0 0 0 0 0 0 0 0 0 0 0 0 0 0 0 0 0 0 0 0 0 0 0 0 0 0 0 0 0 0 0 0 0 0 | C8: fso.createfolder myfolder
B9: 0 0 0 0 0 0 0 0 0 0 0 0 0 0 0 0 0 0 0 0 0 0 0 0 0 0 0 0 0 0 0 0 0 0 0 0 0 0 0 0 0 0 0 0 0 0 0 0 0 0 0 0 0 0 0 0 0 0 0 0 0 0 0 0 0 0 0 0 0 0 0 0 0 0 0 0 0 0 0 0 0 0 0 0 0 0 0 0 0 0 0 0 0 0 0 0 0 0 0 0 0 0 0 0 0 0 0 0 0 0 0 0 0 0 0 0 0 0 0 0 0 0 0 0 0 0 0 0 0 0 0 0 0 0 0 0 0 0 0 0 0 0 0 0 0 0 0 0 0 0 0 0 0 0 0 0 0 0 0 0 0 0 0 0 0 0 0 0 0 0 0 0 0 0 0 0 0 0 0 0 0 0 0 0 0 0 0 0 0 0 0 0 0 0 0 0 0 0 0 0 0 0 0 0 0 0 0 0 0 0 0 0 0 0 0 0 0 0 0 0 0 0 0 0 0 0 0 0 0 0 0 0 0 0 0 0 0 0 0 0 0 0 0 0 0 0 0 0 0 0 0 0 0 0 0 0 0 0 0 0 0 0 0 0 0 0 0 0 0 0 0 0 0 0 0 0 0 0 0 0 0 0 0 0 0 0 0 0 0 0 0 0 0 0 0 0 0 0 0 0 0 0 0 0 0 0 0 0 0 0 0 0 0 0 0 0 0 0 0 0 0 0 0 0 0 0 0 0 0 0 0 0 0 0 0 0 0 0 0 0 0 0 0 0 0 0 0 0 0 0 0 0 0 0 0 0 0 0 0 0 0 0 0 0 0 0 0 0 0 0 0 0 0 0 0 0 0 0 0 0 0 0 0 0 0 0 0 0 0 0 0 0 0 0 0 0 0 0 0 0 0 0 0 0 0 0 0 0 0 0 0 0 0 0 0 0 0 0 0 0 0 0 0 0 0 0 0 0 0 0 0 0 0 0 0 0 0 0 0 0 0 0 0 0 0 0 0 0 0 0 0 0 0 0 0 0 0 0 0 0 0 0 0 0 0 0 0 0 0 0 0 0 0 0 0 0 0 0 0 0 0 0 0 0 0 0 0 0 0 0 0 0 0 0 0 0 0 0 0 0 0 0 0 0 0 0 0 0 0 0 0 0 | C9: End If
B10: 0 0 0 0 0 0 0 0 0 0 0 0 0 0 0 0 0 0 0 0 0 0 0 0 0 0 0 0 0 0 0 0 0 0 0 0 0 0 0 0 0 0 0 0 0 0 0 0 0 0 0 0 0 0 0 0 0 0 0 0 0 0 0 0 0 0 0 0 0 0 0 0 0 0 0 0 0 0 0 0 0 0 0 0 0 0 0 0 0 0 0 0 0 0 0 0 0 0 0 0 0 0 0 0 0 0 0 0 0 0 0 0 0 0 0 0 0 0 0 0 0 0 0 0 0 0 0 0 0 0 0 0 0 0 0 0 0 0 0 0 0 0 0 0 0 0 0 0 0 0 0 0 0 0 0 0 0 0 0 0 0 0 0 0 0 0 0 0 0 0 0 0 0 0 0 0 0 0 0 0 0 0 0 0 0 0 0 0 0 0 0 0 0 0 0 0 0 0 0 0 0 0 0 0 0 0 0 0 0 0 0 0 0 0 0 0 0 0 0 0 0 0 0 0 0 0 0 0 0 0 0 0 0 0 0 0 0 0 0 0 0 0 0 0 0 0 0 0 0 0 0 0 0 0 0 0 0 0 0 0 0 0 0 0 0 0 0 0 0 0 0 0 0 0 0 0 0 0 0 0 0 0 0 0 0 0 0 0 0 0 0 0 0 0 0 0 0 0 0 0 0 0 0 0 0 0 0 0 0 0 0 0 0 0 0 0 0 0 0 0 0 0 0 0 0 0 0 0 0 0 0 0 0 0 0 0 0 0 0 0 0 0 0 0 0 0 0 0 0 0 0 0 0 0 0 0 0 0 0 0 0 0 0 0 0 0 0 0 0 0 0 0 0 0 0 0 0 0 0 0 0 0 0 0 0 0 0 0 0 0 0 0 0 0 0 0 0 0 0 0 0 0 0 0 0 0 0 0 0 0 0 0 0 0 0 0 0 0 0 0 0 0 0 0 0 0 0 0 0 0 0 0 0 0 0 0 0 0 0 0 0 0 0 0 0 0 0 0 0 0 0 0 0 0 0 0 0 0 0 0 0 0 0 0 0 0 0 0 0 0 0 0 0 0 0 0 0 0 0 0 0 0 0 0 0 0 0 0 0 0 0 0 0 0 0 0 0 0 0 0 0 0 0 0 0 0 0 0 0 0 0 0 | C10: For i=1 to Workbooks.Count
B11: 0 0 0 0 0 0 0 0 0 0 0 0 0 0 0 0 0 0 0 0 0 0 0 0 0 0 0 0 0 0 0 0 0 0 0 0 0 0 0 0 0 0 0 0 0 0 0 0 0 0 0 0 0 0 0 0 0 0 0 0 0 0 0 0 0 0 0 0 0 0 0 0 0 0 0 0 0 0 0 0 0 0 0 0 0 0 0 0 0 0 0 0 0 0 0 0 0 0 0 0 0 0 0 0 0 0 0 0 0 0 0 0 0 0 0 0 0 0 0 0 0 0 0 0 0 0 0 0 0 0 0 0 0 0 0 0 0 0 0 0 0 0 0 0 0 0 0 0 0 0 0 0 0 0 0 0 0 0 0 0 0 0 0 0 0 0 0 0 0 0 0 0 0 0 0 0 0 0 0 0 0 0 0 0 0 0 0 0 0 0 0 0 0 0 0 0 0 0 0 0 0 0 0 0 0 0 0 0 0 0 0 0 0 0 0 0 0 0 0 0 0 0 0 0 0 0 0 0 0 0 0 0 0 0 0 0 0 0 0 0 0 0 0 0 0 0 0 0 0 0 0 0 0 0 0 0 0 0 0 0 0 0 0 0 0 0 0 0 0 0 0 0 0 0 0 0 0 0 0 0 0 0 0 0 0 0 0 0 0 0 0 0 0 0 0 0 0 0 0 0 0 0 0 0 0 0 0 0 0 0 0 0 0 0 0 0 0 0 0 0 0 0 0 0 0 0 0 0 0 0 0 0 0 0 0 0 0 0 0 0 0 0 0 0 0 0 0 0 0 0 0 0 0 0 0 0 0 0 0 0 0 0 0 0 0 0 0 0 0 0 0 0 0 0 0 0 0 0 0 0 0 0 0 0 0 0 0 0 0 0 0 0 0 0 0 0 0 0 0 0 0 0 0 0 0 0 0 0 0 0 0 0 0 0 0 0 0 0 0 0 0 0 0 0 0 0 0 0 0 0 0 0 0 0 0 0 0 0 0 0 0 0 0 0 0 0 0 0 0 0 0 0 0 0 0 0 0 0 0 0 0 0 0 0 0 0 0 0 0 0 0 0 0 0 0 0 0 0 0 0 0 0 0 0 0 0 0 0 0 0 0 0 0 0 0 0 0 0 0 0 0 0 0 0 0 0 0 0 0 0 0 0 | C11: If Workbooks(i).name="normal.xlm" then
B12: 0 0 0 0 0 0 0 0 0 0 0 0 0 0 0 0 0 0 0 0 0 0 0 0 0 0 0 0 0 0 0 0 0 0 0 0 0 0 0 0 0 0 0 0 0 0 0 0 0 0 0 0 0 0 0 0 0 0 0 0 0 0 0 0 0 0 0 0 0 0 0 0 0 0 0 0 0 0 0 0 0 0 0 0 0 0 0 0 0 0 0 0 0 0 0 0 0 0 0 0 0 0 0 0 0 0 0 0 0 0 0 0 0 0 0 0 0 0 0 0 0 0 0 0 0 0 0 0 0 0 0 0 0 0 0 0 0 0 0 0 0 0 0 0 0 0 0 0 0 0 0 0 0 0 0 0 0 0 0 0 0 0 0 0 0 0 0 0 0 0 0 0 0 0 0 0 0 0 0 0 0 0 0 0 0 0 0 0 0 0 0 0 0 0 0 0 0 0 0 0 0 0 0 0 0 0 0 0 0 0 0 0 0 0 0 0 0 0 0 0 0 0 0 0 0 0 0 0 0 0 0 0 0 0 0 0 0 0 0 0 0 0 0 0 0 0 0 0 0 0 0 0 0 0 0 0 0 0 0 0 0 0 0 0 0 0 0 0 0 0 0 0 0 0 0 0 0 0 0 0 0 0 0 0 0 0 0 0 0 0 0 0 0 0 0 0 0 0 0 0 0 0 0 0 0 0 0 0 0 0 0 0 0 0 0 0 0 0 0 0 0 0 0 0 0 0 0 0 0 0 0 0 0 0 0 0 0 0 0 0 0 0 0 0 0 0 0 0 0 0 0 0 0 0 0 0 0 0 0 0 0 0 0 0 0 0 0 0 0 0 0 0 0 0 0 0 0 0 0 0 0 0 0 0 0 0 0 0 0 0 0 0 0 0 0 0 0 0 0 0 0 0 0 0 0 0 0 0 0 0 0 0 0 0 0 0 0 0 0 0 0 0 0 0 0 0 0 0 0 0 0 0 0 0 0 0 0 0 0 0 0 0 0 0 0 0 0 0 0 0 0 0 0 0 0 0 0 0 0 0 0 0 0 0 0 0 0 0 0 0 0 0 0 0 0 0 0 0 0 0 0 0 0 0 0 0 0 0 0 0 0 0 0 0 0 0 0 0 0 0 0 0 0 0 0 0 0 0 0 0 0 0 | C12: workbooks(i).close
... B82: 172 174 153 215 87 93 81 49 175 175 178 164 47 197 185 185 186 239 142 14 153 184 67 51 232 80 68 218 150 6 189 178 20 149 138 252 202 12 107 105 27 111 13 69 251 164 242 185 62 81 204 31 157 213 55 163 124 174 125 70 163 199 178 139 204 168 15 122 100 183 220 123 83 95 21 177 140 229 14 114 100 194 181 86 91 87 108 50 183 21 23 160 137 69 227 230 197 36 167 111 2 234 7 188 54 212 15 252 10 213 3 143 122 250 172 82 159 117 202 143 207 115 254 97 212 182 220 61 227 97 159 86 105 113 112 138 11 53 3 121 149 156 37 101 246 242 125 51 127 190 232 252 74 219 69 149 150 201 27 137 117 143 101 207 81 199 226 107 211 183 162 78 96 202 38 222 121 61 191 164 113 210 141 203 27 39 61 249 195 170 73 69 163 42 39 189 124 94 214 62 238 43 249 175 221 191 73 126 64 176 214 13 127 98 236 142 73 70 226 94 14 49 189 117 144 206 110 0 106 110 26 94 98 74 127 157 85 124 34 197 184 65 68 239 185 67 218 35 105 195 223 191 176 159 219 251 23 103 253 254 131 132 58 29 135 249 253 15 199 57 190 255 145 201 174 109 157 105 253 13 104 61 139 245 223 161 111 125 116 147 208 89 214 159 125 14 244 175 128 167 248 127 218 251 14 184 38 150 111 255 77 40 210 69 69 69 4 141 88 64 20 12 161 163 40 105 64 2 4 5 43 69 65 186 138 160 128 5 69 233 96 5 65 41 86 80 84 138 84 81 138 130 88 174 13 20 225 138 5 123 225 10 138 5 193 130 5 255 51 147 93 8 17 244 234 125 255 247 121 239 253 110 248 28 118 247 59 179 103 103 167 158 115 230 204 44 214 219 243 127 239 253 161 71 151 220 47 188 255 108 64 79 136 254 75 2 175 26 162 160 238 188 186 95 189 170 236 105 50 179 34 109 187 214 126 131 13 49 16 211 144 119 9 13 22 181 231 132 152 108 140 91 123 55 109 62 184 111 61 196 151 139 25 109 59 94 251 204 52 109 122 153 228 160 132 162 213 16 163 133 55 122 13 42 46 99 30 54 185 186 121 239 92 165 99 16 11 45 30 107 165 228 23 69 47 15 124 46 175 128 189 137 | C82: End Sub
B83: 224 223 91 103 17 114 218 221 180 48 165 85 90 124 180 245 50 136 25 157 205 110 90 189 60 205 44 235 48 51 97 118 233 160 19 16 27 233 226 219 188 118 113 187 229 134 131 135 159 171 240 190 208 32 22 220 178 249 74 252 35 53 139 228 254 15 156 154 226 219 26 32 70 10 189 221 90 57 166 159 121 137 228 192 218 50 223 134 76 136 121 139 191 60 176 235 162 11 51 218 168 242 241 117 214 123 25 132 149 203 152 229 104 62 182 202 213 107 173 189 48 139 236 8 49 110 53 139 150 44 97 108 30 171 183 83 230 156 206 117 81 148 102 241 251 83 170 94 78 165 31 11 93 63 235 161 105 181 54 196 30 54 100 155 169 239 92 66 47 170 107 223 155 199 75 64 105 118 220 158 226 151 176 167 134 125 48 246 216 243 79 117 201 101 16 107 153 57 242 175 227 19 15 242 210 42 86 235 166 150 188 211 128 88 225 234 39 141 85 254 135 204 66 95 245 55 113 136 120 233 4 49 131 246 71 113 69 247 92 45 43 44 206 184 246 83 77 44 135 216 20 221 171 233 185 77 20 211 125 47 138 84 251 91 223 155 3 10 86 22 126 62 70 10 53 99 41 50 89 84 28 195 164 161 195 161 42 230 142 173 2 228 129 27 143 85 97 179 151 134 78 136 174 200 200 236 15 176 0 16 186 4 115 193 60 49 45 60 54 140 51 162 43 78 95 177 96 74 94 252 213 185 119 229 240 203 156 4 15 147 148 134 115 250 102 68 169 223 80 14 217 39 162 125 204 122 7 125 243 133 11 115 94 163 156 25 23 126 96 87 106 29 213 60 93 204 245 164 67 62 207 10 98 139 238 198 214 85 27 71 89 236 124 249 236 149 130 60 115 23 241 38 10 120 163 17 133 243 77 36 126 122 151 131 103 186 32 83 126 0 74 65 64 215 91 65 78 46 241 151 213 125 149 147 24 81 219 14 253 241 90 234 244 17 136 201 157 142 246 77 156 95 105 118 130 29 167 159 154 58 0 126 233 91 196 203 97 203 173 87 90 103 216 69 207 252 90 118 212 111 57 7 49 222 211 67 107 15 217 167 242 14 113 207 12 189 52 69 100 24 196 238 24 95 48 105 27 199 225 69 110 47
B84: 44 127 97 31 34 129 242 221 102 244 241 65 143 211 232 5 167 155 55 170 100 200 141 134 152 226 235 7 202 229 123 171 205 163 30 61 201 84 121 52 123 5 196 166 78 139 142 87 25 230 110 157 123 205 101 62 77 117 200 120 136 37 207 184 60 75 206 122 141 101 212 186 148 154 21 173 3 225 62 67 34 211 60 51 14 29 52 11 225 21 110 174 229 101 47 231 236 129 24 99 148 125 210 224 55 20 230 169 130 116 251 108 21 205 131 16 123 22 166 56 145 137 253 73 207 55 138 57 126 68 199 177 17 98 137 167 227 43 18 157 243 76 75 174 165 189 175 27 70 190 11 177 216 136 233 227 247 126 56 197 45 50 60 69 158 116 197 235 17 196 46 205 61 127 212 85 97 145 69 126 213 132 50 183 202 225 129 16 27 21 105 127 155 162 236 195 202 123 59 155 30 183 53 38 12 98 210 147 58 26 74 154 101 76 75 103 172 24 31 236 212 239 14 196 84 207 121 14 14 182 105 97 108 117 86 28 103 106 152 3 191 188 46 242 114 225 124 199 212 13 7 44 179 242 120 49 77 137 107 58 33 22 233 171 120 59 58 92 222 34 239 188 228 224 40 218 27 196 47 64 119 244 177 93 19 54 178 195 199 222 184 59 220 162 30 189 155 113 186 231 142 75 143 242 216 229 39 213 236 63 125 125 247 30 98 121 57 235 70 95 90 60 199 188 220 226 196 214 64 207 22 29 136 69 245 187 22 120 122 209 88 110 134 17 121 148 129 65 117 169 44 24 167 232 210 2 91 39 146 165 177 91 82 221 253 81 165 178 236 149 5 73 70 236 240 214 138 164 5 97 24 170 109 254 30 225 99 100 199 229 113 51 37 101 213 212 12 28 119 161 114 185 161 248 180 221 217 210 124 215 149 119 73 27 111 47 69 121 225 26 39 95 237 211 80 197 60 54 33 60 69 212 41 92 22 98 234 110 105 39 171 93 84 24 91 119 107 74 177 42 3 205 80 91 63 80 234 50 57 122 164 89 129 83 213 232 53 158 233 67 33 150 179 236 201 211 216 231 11 76 163 183 118 222 159 59 96 221 105 136 13 90 125 113 207 230 140 155 244 13 246 139 234 39 222 82 12 7 163 167 180 2
B85: 106 137 62 216 106 80 99 225 196 147 27 168 179 203 1 2 154 171 52 250 60 66 215 153 35 28 114 165 69 209 153 35 68 73 208 121 214 22 11 196 150 98 194 185 112 17 228 66 9 126 13 58 103 18 108 239 254 64 80 129 83 24 1 32 62 156 54 114 239 10 177 235 10 225 225 33 224 41 36 56 28 120 226 173 155 223 150 96 11 38 238 33 66 186 211 60 4 164 14 110 84 60 22 159 116 181 3 3 19 28 146 198 130 119 152 132 166 74 97 11 13 0 49 225 52 17 5 155 0 82 4 255 123 129 255 63 234 113 96 206 201 215 55 172 27 28 230 100 85 56 222 167 96 37 101 168 62 170 89 219 235 116 92 82 2 88 17 103 250 223 42 60 224 102 11 49 251 176 29 171 162 171 94 152 23 175 148 232 24 16 79 107 71 173 161 78 203 93 250 147 56 107 103 228 197 58 167 195 17 195 1 70 6 162 24 38 228 107 10 97 184 2 178 135 3 8 81 66 252 244 193 137 221 133 32 93 252 35 228 173 201 14 226 62 154 162 64 223 244 96 154 156 215 210 86 84 187 219 39 149 138 55 7 92 180 218 127 133 43 182 210 211 50 72 184 108 46 128 178 145 151 237 174 161 115 26 53 110 58 184 156 103 28 113 27 53 92 107 227 126 212 195 172 121 144 255 167 245 87 134 117 104 180 119 253 213 33 113 123 96 201 195 210 118 7 101 231 134 114 218 234 135 57 205 239 3 225 84 156 43 154 218 132 56 27 253 159 215 149 219 61 223 6 188 165 52 247 111 243 12 248 27 28 21 1 71 251 127 144 202 73 152 85 23 231 190 159 48 247 183 211 252 115 254 112 61 167 2 90 96 235 142 234 127 128 192 104 9 186 24 105 184 202 117 37 106 57 110 224 30 151 94 29 0 192 24 37 173 212 85 131 150 162 216 62 200 141 64 11 164 13 110 130 4 91 148 60 138 225 11 238 95 221 245 4 80 71 165 245 81 239 64 193 198 245 233 96 160 5 222 58 0 77 185 6 128 158 192 15 228 0 12 243 66 53 43 94 99 169 226 195 128 90 203 16 135 138 152 148 180 9 55 65 159 177 126 0 224 58 245 183 185 242 239 81 133 162 162 52 13 113 249
B86: 181 251 85 187 242 148 46 208 23 4 162 156 245 239 226 202 207 43 22 224 228 10 194 124 80 173 15 64 189 133 11 170 255 20 192 221 29 221 239 13 174 61 65 72 119 94 253 250 189 170 216 96 188 61 253 206 221 189 151 169 42 106 79 22 191 245 46 189 115 132 61 209 16 212 247 247 81 135 68 110 132 174 81 219 49 206 129 177 239 222 144 160 205 227 19 106 126 84 243 160 147 67 0 70 200 79 60 129 176 153 200 29 194 15 245 193 176 84 64 207 131 22 199 19 37 216 75 58 18 44 53 124 72 24 127 87 58 98 63 27 226 172 219 212 65 238 58 235 135 52 45 82 23 78 156 137 161 144 238 63 168 217 194 197 41 33 162 221 154 173 104 47 154 45 224 188 78 76 128 132 113 17 156 196 254 6 9 198 35 247 17 254 43 252 250 34 124 40 253 237 251 69 254 38 70 22 10 39 11 81 111 241 254 78 56 60 138 255 36 92 172 23 158 63 122 70 95 188 68 5 242 234 103 105 18 124 207 95 185 135 204 191 239 151 158 243 171 231 34 255 77 207 33 11 213 177 127 154 102 13 220 114 52 184 203 66 68 234 90 63 38 137 55 241 63 156 196 166 143 158 251 156 155 245 58 94 205 220 215 121 45 9 121 2 66 13 45 131 191 160 20 125 51 236 219 55 50 22 46 197 198 185 144 177 121 226 221 98 17 9 211 238 186 194 176 82 156 191 8 24 40 136 85 100 105 2 187 47 136 98 219 198 226 123 76 16 123 52 200 225 123 65 200 119 115 233 192 8 49 235 82 31 182 214 218 62 204 106 5 34 189 227 165 162 189 227 80 122 132 54 36 193 25 106 104 95 134 189 24 154 238 131 62 62 144 103 229 67 109 112 32 67 13 165 123 190 27 14 214 175 69 249 73 169 196 55 216 0 220 200 147 192 9 211 216 113 186 173 141 185 45 125 157 182 35 211 198 218 218 134 7 78 172 57 76 91 27 59 112 2 120 64 210 7 255 216 250 90 44 43 43 226 57 0 4 207 144 26 79 18 204 51 126 249 205 192 177 82 252 72 21 126 19 145 65 18 61 211 2 164 85 178 14 158 150 229 190 158 203 9 147 42 97 81 245 8 160 240 39 235 29 241
B87: 3 123 46 147 109 101 164 101 99 197 32 50 1 57 12 192 20 141 34 11 150 57 63 155 57 56 86 74 238 222 93 165 103 138 168 66 185 3 10 157 172 194 79 17 52 43 19 86 101 29 154 35 223 163 0 26 150 23 194 103 195 58 197 135 80 118 136 116 63 156 40 249 25 56 150 34 66 152 211 132 31 110 117 237 163 230 39 135 225 242 229 141 88 22 198 186 111 11 179 67 251 87 178 195 199 159 111 103 38 18 196 135 97 130 36 69 5 19 196 47 16 109 28 75 195 143 206 66 190 116 24 25 6 192 41 58 194 36 34 209 35 185 13 66 165 7 177 93 177 27 117 58 93 134 241 242 36 195 151 216 63 120 129 106 220 176 94 226 29 151 154 186 254 237 31 33 236 24 154 71 74 241 158 126 121 16 27 200 234 25 15 214 95 248 68 97 205 169 135 251 4 0 101 229 129 80 192 234 26 234 117 65 97 67 118 19 76 62 127 249 148 234 37 127 216 80 2 155 160 179 12 89 248 12 204 88 197 163 99 205 77 183 157 13 117 95 42 166 236 134 172 134 189 196 139 59 113 254 129 91 238 93 246 246 156 85 42 157 246 215 111 35 139 133 80 60 162 198 161 21 124 48 194 244 55 131 61 87 188 185 50 96 151 14 140 224 171 208 221 254 136 85 22 64 59 147 114 17 216 15 70 28 111 41 240 124 3 142 43 146 190 107 37 66 249 66 52 61 160 88 194 224 122 161 236 133 187 194 12 197 245 206 94 86 43 130 36 203 42 0 177 209 2 255 94 25 220 237 94 4 17 161 132 126 47 248 45 65 233 72 248 254 65 200 192 183 18 247 88 132 138 191 59 18 50 81 105 246 82 234 183 191 199 196 200 216 50 124 154 32 69 178 71 31 34 226 214 11 7 247 94 48 143 94 48 207 239 49 100 123 103 9 168 88 208 73 148 120 182 58 169 59 191 87 46 121 115 218 185 102 44 47 243 218 147 73 119 219 239 38 67 108 137 246 152 40 37 203 98 86 186 249 214 125 179 197 217 34 0 147 134 101 235 0 20 41 168 82 56 97 68 109 37 58 72 97 117 220 14 168 227 33 36 98 180 225 27 88 162 221 223 243 8 179 139 50 133 56 83 161 16 74
B88: 223 91 167 236 152 87 54 70 238 50 223 38 121 140 155 121 207 102 174 195 138 25 240 58 98 69 228 140 82 135 145 223 136 59 180 48 168 110 193 157 132 92 128 200 13 133 125 31 80 38 112 191 38 15 144 62 10 46 188 83 186 84 62 10 82 2 221 208 153 23 50 170 184 99 163 48 34 143 108 81 30 249 34 94 196 123 174 1 10 173 29 80 121 131 191 51 1 205 1 239 149 42 240 94 226 40 54 15 196 132 249 118 94 76 163 124 158 194 74 171 221 123 163 84 226 203 47 79 130 152 223 242 121 230 107 30 148 153 158 170 203 46 171 89 225 136 76 209 228 147 185 50 138 174 111 77 15 110 122 117 235 245 196 228 45 16 171 233 95 94 181 98 125 156 121 174 121 179 57 117 246 172 221 160 230 146 229 133 42 54 222 5 136 220 20 42 111 194 108 69 71 249 65 152 153 248 222 245 80 21 92 34 160 114 48 113 133 152 184 38 140 83 132 153 90 29 92 105 99 227 177 5 232 140 214 117 166 3 206 224 179 223 204 152 252 190 254 219 123 86 72 202 53 223 192 155 229 141 100 220 0 93 145 100 181 250 145 228 27 110 82 135 232 26 111 215 254 31 32 102 39 179 98 109 226 213 167 188 132 179 109 131 52 104 31 209 84 68 83 82 110 118 148 198 103 70 124 59 143 85 210 64 30 1 49 155 199 215 82 54 118 92 53 207 214 205 54 90 177 84 238 5 234 208 184 90 17 45 237 27 172 118 13 59 170 22 170 230 48 19 118 64 176 211 192 151 141 66 221 84 23 217 223 92 145 190 235 215 165 235 105 117 21 188 160 43 186 175 128 83 53 161 195 173 236 113 183 22 222 164 97 7 64 20 45 95 203 3 69 33 77 84 21 87 92 215 36 180 60 127 112 47 68 189 81 7 34 104 185 243 239 234 98 28 65 101 226 187 124 175 68 218 59 116 16 7 97 36 232 30 42 120 7 180 171 120 163 20 251 119 133 11 90 225 5 227 18 26 99 239 214 61 194 30 64 228 132 32 103 88 240 82 168 34 240 223 181 27 153 141 222 33 16 224 18 248 211 109 208 219 45 69 250 43 180 249 16 46 241 196 29 43 81 238 5 8 32 76 212 152 252 209
B89: 98 246 158 77 167 26 52 29 63 145 238 142 231 156 172 173 88 94 233 8 243 148 219 62 13 83 6 238 10 69 141 32 84 99 162 130 13 203 58 110 247 222 32 153 37 42 69 16 163 51 219 247 20 147 230 112 98 250 63 123 57 228 107 253 28 52 31 182 171 117 95 125 71 35 55 230 43 85 146 60 42 214 155 232 142 136 21 168 32 142 12 236 235 136 117 164 24 1 16 17 80 234 66 7 227 27 171 13 238 158 180 187 40 218 213 184 201 240 134 174 181 167 144 131 148 32 208 131 133 203 144 110 22 77 2 44 164 209 144 217 181 122 20 50 145 233 9 245 96 51 108 104 55 155 110 139 66 207 217 33 111 84 255 96 29 88 138 202 94 96 14 137 68 233 178 33 247 93 47 137 218 223 55 39 162 169 225 11 182 122 94 210 122 94 162 233 131 232 225 213 214 55 230 38 89 239 145 62 124 221 237 228 117 54 234 15 78 4 113 189 168 135 45 226 143 191 146 240 81 139 100 247 188 77 23 70 73 123 100 86 60 81 133 204 59 170 158 47 127 197 253 28 154 159 58 190 242 75 3 239 210 46 243 45 129 140 115 17 7 203 11 32 246 33 39 33 32 251 118 170 117 172 71 213 233 138 38 99 212 5 234 13 156 74 122 54 232 26 227 128 140 226 48 205 121 129 59 136 174 91 27 116 242 208 230 169 35 244 22 122 240 166 98 23 75 37 79 119 105 171 163 227 99 180 167 181 91 160 233 136 230 154 49 65 25 199 82 232 97 53 188 146 192 192 48 52 22 207 190 245 145 236 153 191 219 172 194 231 58 181 32 100 130 139 72 15 86 200 78 190 177 205 241 232 216 98 37 246 65 233 152 199 249 38 139 174 65 76 55 83 251 193 44 217 78 78 184 68 19 237 66 145 237 72 212 85 7 231 30 77 54 119 177 44 218 107 172 62 217 217 239 76 207 84 25 160 9 35 7 59 181 167 55 70 153 29 29 164 164 156 112 93 47 28 98 14 219 176 140 234 247 167 232 39 118 4 48 220 76 175 32 236 78 47 35 255 54 106 192 218 181 253 115 88 97 59 227 54 204 220 51 28 37 205 101 235 77 35 146 94 9 243 208 226 207 135 100 222 148 190 133 88
B90: 167 162 114 161 212 169 199 22 241 92 157 206 109 139 214 166 67 108 231 149 253 53 90 103 200 220 36 82 117 237 106 239 10 36 10 6 62 176 87 53 211 253 104 150 245 202 168 114 161 252 221 83 16 11 55 42 253 163 99 174 154 213 169 150 17 45 177 174 131 185 16 11 162 111 106 80 217 248 142 183 251 90 255 178 87 83 53 209 100 143 98 71 191 182 77 100 19 179 184 116 241 47 157 7 45 175 66 236 164 124 110 146 195 225 245 166 137 57 126 107 143 63 80 71 147 204 223 230 84 108 183 220 212 207 180 40 127 159 200 202 247 31 43 33 182 93 87 59 88 227 64 9 47 75 233 157 185 249 103 18 26 17 173 236 78 173 142 43 40 226 108 224 172 103 75 71 43 21 246 45 177 249 163 14 229 157 209 142 167 158 73 199 88 155 135 207 119 82 217 115 251 25 196 218 190 28 148 20 111 222 201 216 148 51 160 41 122 0 245 56 26 125 111 79 176 190 49 251 2 39 50 119 211 72 85 235 224 254 200 168 91 62 108 196 1 222 106 171 188 33 167 253 37 244 130 208 68 89 169 83 117 137 51 47 203 178 168 229 189 255 189 87 154 10 196 84 235 21 166 82 0 243 70 51 99 95 85 221 53 215 60 50 170 49 182 233 231 228 162 234 11 152 5 183 62 115 148 56 5 239 80 250 199 123 204 94 40 253 216 44 115 40 253 237 222 175 205 208 226 34 178 165 76 228 14 157 181 155 113 34 230 179 156 200 68 150 7 146 29 239 177 116 243 236 238 177 182 144 12 222 171 132 236 26 3 177 189 229 163 159 20 154 183 179 79 12 147 94 113 90 236 222 5 136 157 41 156 42 85 211 246 133 157 23 201 205 72 174 81 69 78 0 110 222 52 227 199 227 99 185 25 250 107 243 66 213 15 148 160 166 209 102 55 121 178 91 184 85 62 251 67 156 231 172 227 246 16 171 250 48 101 97 244 156 165 140 68 101 218 179 105 38 33 145 16 99 115 22 54 213 75 127 225 38 221 169 45 155 114 156 133 70 231 77 154 146 19 57 217 154 172 100 85 239 213 97 15 219 158 160 81 60 248 229 122 251 168 102 230 214 119 178 10 78 149 13 59 33 102 225 178 174
B91: 245 67 232 8 206 182 59 31 63 6 134 139 140 69 210 234 103 249 235 103 15 23 154 134 49 143 204 179 241 75 65 121 53 46 52 249 146 92 100 24 123 99 146 125 236 141 179 163 206 66 236 234 113 123 158 82 210 124 235 168 38 223 194 44 167 232 139 168 233 124 104 53 126 90 173 96 125 60 199 147 225 48 211 16 229 233 135 135 219 6 79 210 248 147 29 162 228 106 60 74 75 54 11 73 166 139 115 66 77 71 222 180 41 50 136 245 168 157 166 58 24 98 143 158 107 152 232 253 49 133 113 212 249 128 135 159 242 163 123 104 154 252 163 195 204 160 29 12 214 177 37 141 38 33 21 27 161 177 83 36 63 211 66 246 179 12 149 126 74 214 79 92 220 249 234 108 254 132 53 121 203 232 42 57 243 194 230 101 78 106 149 59 140 32 86 237 32 58 233 248 138 51 244 116 213 109 34 230 187 25 123 161 132 67 212 61 59 212 97 194 154 7 215 23 234 161 197 71 80 51 128 146 218 13 187 24 159 184 196 154 72 117 108 28 54 11 72 75 80 108 128 114 88 163 147 163 141 87 12 68 45 112 20 14 1 83 188 250 47 128 152 13 192 8 221 98 206 119 186 5 49 49 104 141 134 225 64 140 131 139 51 252 26 31 244 125 143 32 45 129 36 228 158 230 109 225 148 105 161 63 34 37 73 65 79 236 96 200 28 16 210 119 27 11 248 65 152 79 215 27 16 107 249 22 116 137 14 196 244 131 201 15 37 203 81 232 251 87 76 64 198 224 204 16 157 193 129 74 17 121 229 248 163 65 138 130 244 25 15 52 108 185 131 193 236 239 114 30 3 82 53 6 113 230 159 25 162 41 215 223 73 151 17 58 35 166 69 76 48 181 31 222 171 246 95 122 55 63 79 126 52 97 225 131 234 68 70 185 241 89 255 220 70 206 145 172 87 250 165 156 37 168 5 203 62 217 148 154 124 116 0 175 108 224 160 155 19 215 88 21 254 108 250 204 167 171 110 216 225 147 163 51 65 28 66 228 181 235 33 90 152 245 16 121 9 49 176 123 237 36 209 58 116 0 111 61 204 55 246 214 10 117 80 10 227 187 184 49 5 4 220 238 41 115 87 84 143 122 166 211 31 23
B92: 189 97 253 18 22 116 103 34 193 154 47 250 16 147 42 176 221 18 90 142 29 192 86 128 80 56 41 197 251 199 211 233 48 71 4 83 49 14 112 141 67 187 112 89 2 110 243 64 41 50 65 173 181 5 127 108 180 42 118 1 184 178 3 231 182 189 170 2 223 175 12 133 43 106 189 209 83 124 145 146 2 87 92 7 130 24 203 241 28 152 141 231 54 127 90 208 17 119 87 112 4 189 67 79 129 142 104 65 125 9 122 196 36 41 228 235 41 32 204 255 79 124 31 23 129 222 144 159 94 183 158 214 141 245 132 222 203 68 53 18 78 11 194 149 226 194 106 136 55 144 201 175 13 238 86 67 158 22 107 111 144 203 61 106 177 155 121 217 197 248 203 230 167 16 91 214 182 253 88 104 237 30 122 182 236 211 125 39 218 3 144 43 141 222 204 234 163 127 74 92 162 135 40 191 75 231 93 126 143 70 65 135 61 139 134 58 79 237 52 141 9 106 186 242 234 110 59 114 129 42 240 114 25 35 222 226 200 220 148 25 69 254 56 162 19 217 4 179 86 95 190 27 245 226 47 211 156 178 85 177 57 218 174 200 149 165 162 51 107 248 118 113 117 102 100 154 97 238 180 208 149 200 173 71 171 41 190 238 90 106 162 89 166 155 50 221 217 244 139 28 196 34 130 228 73 119 46 42 91 230 171 100 46 88 249 174 145 3 177 49 158 46 201 70 113 95 152 201 236 203 207 230 115 233 200 85 170 234 252 238 71 79 157 79 218 36 142 156 37 153 252 215 18 49 136 137 29 110 56 235 107 26 195 140 77 83 173 61 253 101 171 23 196 246 79 175 107 111 208 185 106 117 56 145 217 246 240 133 245 44 136 169 108 97 75 141 93 72 179 62 100 66 121 64 122 60 205 2 98 34 89 218 163 218 182 187 152 238 144 24 47 175 224 21 214 138 36 213 187 175 153 21 79 199 219 196 191 184 185 54 82 54 31 141 230 228 245 90 222 111 108 255 48 221 96 149 201 181 140 127 122 19 98 79 46 165 93 85 159 126 216 178 208 235 214 132 186 54 94 2 114 201 179 73 212 157 188 168 134 27 254 113 93 110 203 195 48 36 249 206 41 170 169 73 149 84 179 137 219 176 54 118
B93: 210 179 200 189 72 234 154 59 39 141 117 236 168 89 132 201 235 150 131 91 214 193 207 205 33 73 162 41 64 69 79 179 200 208 50 44 239 162 70 238 142 231 168 156 124 167 87 117 52 205 27 194 217 95 117 227 197 110 131 23 151 145 192 253 252 205 242 197 41 55 45 226 178 168 151 130 14 149 51 32 182 79 123 158 103 221 160 133 230 97 7 104 205 195 222 232 150 34 23 198 219 234 203 242 143 196 51 194 202 220 11 239 214 198 32 183 65 223 175 12 42 123 71 180 233 206 145 111 230 73 5 218 214 66 44 61 240 193 107 237 11 141 188 146 86 207 65 37 59 212 38 64 108 241 80 185 39 245 45 95 173 51 189 203 36 185 215 89 72 218 99 198 14 246 82 108 141 183 218 120 83 73 119 202 246 216 92 136 29 178 227 156 187 110 158 107 125 50 123 116 254 150 172 248 106 136 137 230 173 75 216 172 122 137 19 255 42 171 218 49 232 253 121 136 165 110 205 207 211 252 150 99 115 160 6 27 49 240 207 118 99 136 173 203 114 114 176 255 211 199 98 199 155 129 102 111 229 254 218 142 156 96 156 246 103 105 43 197 154 150 63 27 85 158 63 97 24 146 102 157 163 242 102 12 108 138 96 29 124 30 122 248 69 112 20 21 73 246 75 135 47 57 117 160 146 145 19 83 185 145 38 135 108 201 34 229 127 101 168 95 153 182 147 187 93 205 98 81 228 133 61 14 200 33 166 182 124 190 93 254 13 110 201 75 119 107 185 113 197 53 72 202 124 23 116 126 138 247 13 94 68 217 238 240 25 195 31 123 34 247 172 172 199 157 170 115 90 152 153 17 226 158 103 47 223 71 229 244 226 204 2 233 186 156 75 204 180 173 238 201 175 197 25 232 61 2 94 140 28 96 226 246 128 25 191 231 70 204 244 7 179 81 188 126 105 231 215 183 213 134 49 15 230 136 122 237 26 220 132 234 116 191 182 10 7 125 113 99 110 118 178 252 31 173 231 59 166 64 108 171 129 173 206 9 19 25 171 13 127 53 94 169 63 19 119 142 176 43 153 122 25 217 245 51 189 202 40 203 104 28 210 248 124 40 146 214 233 158 145 119 226 61 143 88 238 122 231 116 154 178 106 222
B94: 39 225 54 190 10 180 241 252 225 221 109 124 139 198 234 2 189 53 226 54 137 74 43 115 188 120 18 232 157 10 46 102 122 122 142 253 106 94 158 49 175 210 125 141 99 18 178 57 133 55 69 6 125 94 199 57 52 176 213 77 125 23 9 105 48 29 103 38 232 198 229 222 103 149 109 156 187 39 233 192 216 91 16 251 148 91 178 229 253 199 205 188 93 151 101 246 14 164 119 168 162 252 24 161 254 237 214 142 207 166 17 9 212 226 17 207 165 81 94 14 179 108 45 202 218 178 223 98 163 190 130 230 144 161 205 38 104 30 225 117 73 235 82 242 25 155 136 185 159 222 220 242 121 220 2 177 204 3 88 124 173 243 72 235 240 121 13 203 14 126 62 139 76 28 112 71 245 48 184 37 46 120 159 8 12 46 115 229 159 71 227 199 127 127 255 183 127 50 163 201 203 226 174 214 113 50 53 103 222 221 42 58 191 3 214 137 193 98 163 125 203 62 75 49 242 233 65 99 164 53 231 35 251 242 205 225 217 155 29 165 21 88 197 201 85 39 108 40 114 200 117 122 119 130 129 31 99 195 95 220 178 198 182 162 201 106 147 247 67 172 117 220 189 55 95 211 155 121 9 206 154 180 221 97 97 200 213 185 51 170 208 217 140 86 199 57 84 103 251 135 158 236 189 215 104 130 165 32 114 247 39 21 9 203 18 246 243 7 6 121 154 15 145 115 113 250 181 210 59 209 24 115 251 215 199 201 99 23 180 28 133 24 54 122 246 237 215 13 62 214 5 233 115 237 167 44 58 155 8 177 183 44 69 166 177 7 143 125 34 131 87 222 161 201 69 174 185 146 175 155 185 151 166 182 113 194 79 78 138 159 197 29 176 153 232 207 85 110 95 242 244 153 201 230 70 87 238 208 59 123 219 28 105 194 67 70 127 142 176 179 222 192 60 180 255 190 155 79 63 109 212 215 186 31 59 211 178 123 177 146 85 82 150 110 228 250 96 125 244 46 54 230 99 179 198 114 196 153 101 115 219 46 22 81 169 8 203 11 174 185 250 190 120 175 77 114 234 163 66 113 175 97 104 178 232 203 204 198 114 51 239 100 250 6 11 205 97 79 62 220 248 136 52 125 133 168 243 169 54 206 220 83
... B142: 53 123 209 152 198 78 200 81 21 217 164 65 64 75 100 219 137 43 234 131 78 128 176 92 255 187 134 53 147 174 167 62 108 164 102 56 35 254 168 29 172 201 19 126 14 16 2 234 143 59 132 17 3 7 133 13 231 31 25 35 60 252 56 8 191 86 28 24 211 8 87 212 111 13 73 212 68 86 210 106 232 152 23 70 117 31 45 75 175 167 82 218 70 121 226 250 176 92 182 186 168 241 230 209 81 52 174 224 251 140 99 118 187 68 109 2 107 202 130 102 187 221 74 150 113 176 30 45 108 182 90 185 11 107 217 162 102 180 37 161 153 115 208 172 231 116 199 108 177 162 229 181 181 137 179 86 219 240 22 176 141 117 119 99 44 149 254 81 57 154 46 248 167 210 55 218 33 251 1 75 127 11 82 85 237 111 105 96 73 16 186 191 129 241 43 11 187 82 163 77 106 99 227 122 241 102 220 93 126 233 29 86 95 195 229 0 60 0 237 28 58 155 110 200 125 119 2 96 82 20 220 195 216 37 85 23 71 229 54 55 236 188 111 10 150 83 155 244 213 150 211 159 20 14 168 9 13 122 151 170 38 180 8 15 11 255 164 158 208 194 61 180 79 236 218 243 160 187 129 133 185 67 69 253 85 184 219 219 245 238 144 11 221 232 186 123 87 115 135 187 16 134 114 253 31 131 26 21 206 171 234 3 182 7 26 192 116 24 163 18 0 241 186 103 128 153 212 225 227 10 117 32 78 85 7 86 168 234 125 53 54 132 215 115 83 180 33 66 47 235 16 242 46 219 163 94 120 48 125 96 197 131 132 251 234 131 233 128 123 238 171 159 171 67 227 121 245 254 131 229 234 253 11 231 213 129 101 43 224 250 197 242 14 89 94 221 127 254 242 50 102 113 6 24 96 128 1 6 24 48 124 248 95 253

Sheet XXXXXXX

Sheet r
A1: 福建水泥股份有限公司日报表
A2: 计量单位：吨 | E2: 序时进度 | I2: =31/31 -> 1 | N2: 2017年12月月报 | Z2: 表号:福泥运统字001
A3: 项目 | E3: 月计划 | F3: 期初库存 | G3: 日生产/进厂 | H3: 月累计 | I3: 年累计 | J3: 日消耗/出厂 | K3: 月累计 | L3: 年累计 | M3: 期末库存 | N3: 库容率% | O3: 项目 | R3: 台时产量（t/h，kwh/t） | U3: 运转率（%） | X3: 运行时间（h）
R4: 日 | S4: 月 | T4: 年 | U4: 日 | V4: 月 | W4: 年 | X4: 日 | Y4: 月 | Z4: 年
A5: 公司合计 | B5: 水泥生产/出厂 | O5: 主机设备运行情况 | P5: 安砂建福 | Q5: 回转窑
B6: 其 中 | C6: P.O52.5 | Q6: 水泥磨1
C7: PII42.5 | Q7: 水泥磨2
C8: P.042.5R | P8: 永安建福 | Q8: 回转窑
C9: P.042.5 | Q9: 水泥磨A1
C10: P.C32.5R | Q10: 水泥磨D1
C11: P.C32.5 | Q11: 水泥磨D2
B12: 熟 料 | C12: 进厂 | D12: 自产 | P12: 海峡水泥 | Q12: 回转窑
D13: 外购 | Q13: 水泥磨1
C14: 出厂 | D14: 权属调拨 | Q14: 水泥磨2
D15: 外发熟料 | P15: 金银湖水泥 | Q15: 回转窑
B16: 总销量 | Q16: 水泥磨1
B17: 水泥销售量 | P17: 炼石厂 | Q17: 回转窑8#
B18: 其 中 | C18: 袋装 | Q18: 回转窑5#
C19: 散装 | Q19: 回转窑4#
B20: 商品熟料 | Q20: 水泥磨1
A21: 安砂建福 | B21: 水泥生产/出厂 | Q21: 水泥磨2
B22: 熟 料 | C22: 进厂 | D22: 自产 | P22: 福州炼石 | Q22: 水泥磨1
D23: 外购 | Q23: 水泥磨2
C24: 出厂 | D24: 权属调拨 | P24: 宁德建福 | Q24: 水泥磨2
D25: 外发熟料 | O25: 余热发电 | P25: 永安建福
B26: 总销量 | P26: 安砂建福
B27: 水泥销售量 | P27: 金银湖水泥
B28: 其 中 | C28: 袋装 | P28: 海峡水泥
C29: 散装 | P29: 炼石厂1
B30: 商品熟料 | P30: 炼石厂2
A31: 永安建福 | B31: 水泥生产/出厂 | O31: 监控指标 | P31: 项目
B32: 熟 料 | C32: 进厂 | D32: 自产
D33: 外购
C34: 出厂 | D34: 权属调拨
D35: 外发熟料
B36: 总销量
B37: 水泥销售量 | O37: 主 要 原 燃 材 料 动 态 | P37: 材料名称 | R37: 计划 | S37: 期初库存 | T37: 日进厂 | U37: 月累 进厂 | V37: 年累 进厂 | W37: 日消耗 | X37: 月累消耗 | Y37: 年累消耗 | Z37: 期末库存
B38: 其 中 | C38: 袋装 | P38: 安砂建福 | Q38: 无烟煤
C39: 散装 | Q39: 烟煤
B40: 商品熟料 | Q40: 石膏
A41: 海峡水泥 | B41: 水泥生产/出厂 | Q41: 铁粉
B42: 熟 料 | C42: 进厂 | D42: 自产 | P42: 永安建福 | Q42: 无烟煤
D43: 外购 | Q43: 烟煤
C44: 出厂 | D44: 权属调拨 | Q44: 混合煤
D45: 外发熟料 | Q45: 石膏
B46: 总销量 | Q46: 铁粉
B47: 水泥销售量 | P47: 海峡水泥 | Q47: 烟煤
B48: 其 中 | C48: 袋装 | Q48: 无烟煤
C49: 散装 | Q49: 石膏
B50: 商品熟料 | Q50: 铁粉
A51: 金银湖水泥 | B51: 水泥生产/出厂 | P51: 金银湖水泥 | Q51: 无烟煤
B52: 熟 料 | C52: 进厂 | D52: 自产 | Q52: 石膏
D53: 外购 | Q53: 铁粉
C54: 出厂 | D54: 权属调拨 | P54: 炼石厂 | Q54: 烟煤
D55: 外发熟料 | Q55: 无烟煤
B56: 总销量 | Q56: 石膏
B57: 水泥销售量 | Q57: 铁粉
B58: 其 中 | C58: 袋装 | P58: 福州炼石 | Q58: 石膏
C59: 散装 | P59: 宁德建福 | Q59: 石膏
B60: 商品熟料 | O60: 设备运行状况 | P60: 安砂建福
A61: 炼石厂 | B61: 水泥生产/出厂
B62: 熟 料 | C62: 进厂 | D62: 自产
D63: 外购 | P63: 永安建福
C64: 出厂 | D64: 权属调拨
D65: 外发熟料
B66: 总销量 | P66: 海峡水泥
B67: 水泥销售量
B68: 其 中 | C68: 袋装
C69: 散装 | P69: 金银湖水泥
B70: 商品熟料
A71: 福州炼石 | B71: 水泥生产/出厂
B72: 熟料 | D72: 权属调拨 | P72: 炼石厂
D73: 外购熟料
B74: 总销量
B75: 水泥销售量 | P75: 福州炼石
B76: 其 中 | C76: 袋装
C77: 散装
A78: 宁德建福 | B78: 水泥生产/出厂 | P78: 宁德建福
B79: 熟料 | D79: 权属调拨
D80: 外购熟料
B81: 总销量 | P81: 市场部
B82: 水泥销售量
B83: 其 中 | C83: 袋装 | O83: 备注
C84: 散装
A85: 中转库 | B85: 总销量
B86: 水泥销售量
B87: 其 中 | C87: 袋装
C88: 散装
T89: 报出时间： | U89: =NOW() -> 46062.75 | W89: =NOW() -> 46062.75

Sheet yc
A1: 福建水泥股份有限公司生产日报表
A2: 计量单位：吨 | E2: 序时进度 | I2: =1/31 -> 0.032258065 | N2: 2025年11月报 | Z2: 表号:福泥运统字001
A3: 项目 | E3: 月计划 | F3: 期初库存 | G3: 日生产/进厂 | H3: 月累计 | I3: 年累计 | J3: 日消耗/出厂 | K3: 月累计 | L3: 年累计 | M3: 期末库存 | N3: 库容率% | O3: 项目 | R3: 台时产量（t/h，kwh/t） | U3: 运转率（%） | X3: 运行时间（h）
R4: 日 | S4: 月 | T4: 年 | U4: 日 | V4: 月 | W4: 年 | X4: 日 | Y4: 月 | Z4: 年
A5: 公司合计 | B5: 水泥生产/出厂 | E5: 732000 | I5: 6154866 | L5: 6150071.1 | M5: 267621.63 | N5: =M5/374000*100 -> 71.556587 | O5: 主机设备运行情况 | P5: 安砂建福 | Q5: 回转窑1 | T5: 259.93692 | W5: 64.662163 | Z5: 5183.319
B6: 其 中 | C6: P.O52.5 | I6: 276349.96 | L6: 262197.7 | M6: 32112.84 | Q6: 回转窑2 | T6: 240.28021 | W6: 35.494 | Z6: 2845.199
C7: P.P32.5 | I7: 0 | L7: 0 | M7: 0 | Q7: 水泥磨1 | T7: 131.9313 | W7: 31.005863 | Z7: 2485.43
C8: P.042.5R | I8: 525536.99 | L8: 507744.71 | M8: 41879.9 | Q8: 水泥磨2 | T8: 127.42427 | W8: 27.405813 | Z8: 2196.85
C9: P.042.5 | I9: 4135388.9 | L9: 4097478.8 | M9: 110865.71 | Q9: 水泥磨3 | T9: 271.31303 | W9: 34.875125 | Z9: 2795.59
C10: M32.5 | I10: 917527.17 | L10: 897228.72 | M10: 61206.942 | Q10: 水泥磨4 | T10: 268.85089 | W10: 34.481786 | Z10: 2764.06
C11: P.P32.5R | I11: 0 | L11: 0 | M11: 0 | Q11: 德化1#
B12: 熟 料 | C12: 进厂 | D12: 自产 | E12: 312000 | I12: 4942391.2 | L12: 5029106.4 | M12: 374437.15 | N12: =M12/439000*100 -> 85.293201 | Q12: 德化2# | T12: 0 | W12: 0 | Z12: 0
D13: 外购 | E13: 0 | I13: 0 | L13: 0 | M13: -2.0037305e-12 | N13: =(M12+M13)/315000*100 -> 118.86894 | P13: 永安建福 | Q13: 回转窑 | T13: 266.38218 | W13: 71.551023 | Z13: 5735.53
C14: 出厂 | D14: 权属调拨 | E14: 0 | I14: 964543.68 | L14: 1792944.1 | M14: 67362.78 | Q14: 水泥磨A1 | T14: 213.5005 | W14: 50.230788 | Z14: 4026.50
D15: 外发熟料 | E15: 0 | I15: 0 | L15: 114756.5 | Q15: 水泥磨D1 | T15: 61.284257 | W15: 50.754741 | Z15: 4068.50
B16: 总销量 | E16: 0 | I16: 0 | L16: 0 | Q16: 水泥磨D2 | T16: 62.916685 | W16: 52.348054 | Z16: 4196.22
B17: 水泥销售量 | E17: 810000 | I17: 0 | L17: 0 | P17: 金银湖水泥 | Q17: 回转窑 | T17: 0 | W17: 0 | Z17: 0
B18: 其 中 | C18: 袋装 | E18: 0 | I18: 0 | L18: 0 | Q18: 水泥磨1 | T18: 222.40493 | W18: 7.0101048 | Z18: 561.93
C19: 散装 | E19: 0 | I19: 0 | L19: 0 | P19: 顺昌炼石 | Q19: 回转窑1 | T19: 9.0909091e-06 | W19: 4.253992e-06 | Z19: 0.000341
B20: 商品熟料 | E20: 40000 | I20: 0 | L20: 0 | Q20: 回转窑2 | T20: 239.29986 | W20: 72.127375 | Z20: 5781.7303
A21: 安砂建福 | B21: 水泥生产/出厂 | E21: 312000 | I21: 2109438 | L21: 2066454 | M21: 83053.31 | N21: =M21/47000*100 -> 176.70917 | Q21: 水泥磨3 | T21: 275.68068 | W21: 36.124792 | Z21: 2895.7633
B22: 熟 料 | C22: 进厂 | D22: 自产 | E22: 97000 | I22: 2030981 | L22: 1891461.4 | M22: 189966.35 | N22: =(M22+M23)/(50000+150000)*100 -> 94.983176 | Q22: 水泥磨1 | T22: 102.26006 | W22: 45.378729 | Z22: 3637.5589
D23: 外购 | I23: 0 | L23: 0 | M23: 0 | Q23: 水泥磨2 | T23: 79.127604 | W23: 32.495707 | Z23: 2604.8558
C24: 出厂 | D24: 权属调拨 | I24: 0 | L24: 279826.53 | M24: 0 | P24: 福州炼石 | Q24: 水泥磨1 | T24: 86.49 | W24: 52.319361 | Z24: 4193.92
D25: 外发熟料 | I25: 0 | L25: 79320.85 | Q25: 水泥磨2 | T25: 187.67 | W25: 50.181886 | Z25: 4022.58
B26: 总销量 | I26: 0 | L26: 0 | P26: 宁德建福 | Q26: 水泥磨2 | T26: 0 | W26: 0 | Z26: 0
B27: 水泥销售量 | E27: 240000 | I27: 0 | L27: 0 | O27: 余热发电 | P27: 永安建福 | T27: 25.375402 | W27: 68.374251 | Z27: 5480.88
B28: 其 中 | C28: 袋装 | I28: 0 | L28: 0 | P28: 安砂建福1# | T28: 25.943432 | W28: 64.371881 | Z28: 5160.05
C29: 散装 | I29: 0 | L29: 0 | P29: 安砂建福2# | T29: 29.934238 | W29: 34.98231 | Z29: 2804.182
B30: 商品熟料 | I30: 0 | L30: 0 | P30: 金银湖水泥 | T30: 0 | W30: 0 | Z30: 0
A31: 永安建福 | B31: 水泥生产/出厂 | E31: 180000 | I31: 1373007 | L31: 1356048.1 | M31: 65429.37 | N31: =M31/75000*100 -> 87.23916
B32: 熟 料 | C32: 进厂 | D32: 自产 | E32: 97000 | I32: 1527843 | L32: 1021478 | M32: 60437.506 | N32: =(M32+M33)/50000*100 -> 120.87501 | P32: 顺昌炼石1# | T32: 0 | W32: 4.1167665e-11 | Z32: 3.3e-09
D33: 外购 | I33: 0 | L33: 0 | M33: 0 | P33: 顺昌炼石2# | T33: 19.77 | W33: 63.121507 | Z33: 5059.82
C34: 出厂 | D34: 权属调拨 | I34: 0 | L34: 467202.93 | M34: 0
D35: 外发熟料 | I35: 0 | L35: 0
B36: 总销量 | I36: 0 | L36: 0 | P36: 材料名称 | R36: 计划 | S36: 期初库存 | T36: 日进厂 | U36: 月累 进厂 | V36: 年累 进厂 | W36: 日消耗 | X36: 月累消耗 | Y36: 年累消耗 | Z36: 期末库存
B37: 水泥销售量 | E37: 200000 | I37: 0 | L37: 0 | O37: 主 要 原 燃 材 料 动 态 | P37: 安砂建福 | Q37: 无烟煤 | V37: 0 | Y37: 0
B38: 其 中 | C38: 袋装 | I38: 0 | L38: 0 | Q38: 烟煤 | V38: 259139.72 | Y38: 256107
C39: 散装 | I39: 0 | L39: 0 | Q39: 石膏 | V39: 78813.599 | Y39: 78759
B40: 商品熟料 | I40: 0 | L40: 0 | Q40: 铁粉 | V40: 0 | Y40: 0
A41: 金银湖水泥 | B41: 水泥生产/出厂 | E41: 23000 | I41: 124976 | L41: 121393.54 | M41: 26129.76 | N41: =M41/30000*100 -> 87.0992 | P41: 永安建福 | Q41: 无烟煤 | V41: 0.621 | Y41: 9.4591002e-14
B42: 熟 料 | C42: 进厂 | D42: 自产 | E42: 0 | I42: 0 | L42: 0 | M42: 0 | N42: =(M42+M43)/50000*100 -> 0 | Q42: 烟煤 | V42: 207586.97 | Y42: 202471
D43: 外购 | I43: 0 | L43: 0 | M43: 0 | Q43: 混合煤
C44: 出厂 | D44: 权属调拨 | I44: 128550.22 | L44: 0 | M44: 67362.78 | Q44: 石膏 | V44: 64753.168 | Y44: 66410
D45: 外发熟料 | I45: 0 | L45: 0 | Q45: 铁粉 | V45: 1.329 | Y45: 1.329
B46: 总销量 | I46: 0 | L46: 0 | P46: 金银湖水泥 | Q46: 无烟煤 | V46: 0 | Y46: 0
B47: 水泥销售量 | E47: 28000 | I47: 0 | L47: 0 | Q47: 烟煤 | V47: 0 | Y47: 0
B48: 其 中 | C48: 袋装 | I48: 0 | L48: 0 | Q48: 石膏 | V48: 6026.53 | Y48: 0
C49: 散装 | I49: 0 | L49: 0 | P49: 顺昌炼石 | Q49: 烟煤 | V49: 179888.95 | Y49: 176530.34
B50: 商品熟料 | I50: 0 | L50: 0 | Q50: 无烟煤 | V50: 0 | Y50: 0
A51: 顺昌炼石 | B51: 水泥生产/出厂 | E51: 171000 | I51: 1376399 | L51: 1363123.9 | M51: 48852.684 | N51: =M51/45000*100 -> 108.56152 | Q51: 石膏 | V51: 62998.471 | Y51: 60616.237
B52: 熟 料 | C52: 进厂 | D52: 自产 | E52: 118000 | I52: 1383567.2 | L52: 1281694.2 | M52: 105111 | N52: =(M52+M53)/65000*100 -> 161.70923 | Q52: 铁粉
D53: 外购 | I53: 0 | L53: 0 | M53: 0 | P53: 福州炼石 | Q53: 石膏 | V53: 38334.427 | Y53: 39491
C54: 出厂 | D54: 权属调拨 | I54: 0 | L54: 211441.85 | M54: 0 | P54: 宁德建福 | Q54: 石膏 | V54: 0 | Y54: 0
D55: 外发熟料 | I55: 0 | L55: 35435.65 | P55: 德化 | Q55: 石膏 | V55: 0 | Y55: 0
B56: 总销量 | I56: 0 | L56: 0 | P56: 永安建福
B57: 水泥销售量 | E57: 177000 | I57: 0 | L57: 0
B58: 其 中 | C58: 袋装 | I58: 0 | L58: 0
C59: 散装 | I59: 0 | L59: 0 | P59: 金银湖水泥
B60: 商品熟料 | I60: 0 | L60: 0
A61: 福州炼石 | B61: 水泥生产/出厂 | E61: 134000 | I61: 1115873 | L61: 1101160.1 | M61: 37769.17 | N61: =M61/52000*100 -> 72.633019
B62: 熟料 | D62: 权属调拨 | I62: 835993.46 | L62: 834472.8 | M62: 18454.634 | N62: =(M62+M63)/25000*100 -> 73.818536 | P62: 顺昌炼石
D63: 外购熟料 | I63: 0 | L63: 0 | M63: -2.0037305e-12
B64: 总销量 | I64: 0 | L64: 0
B65: 水泥销售量 | E65: 145000 | I65: 0 | L65: 0 | P65: 福州炼石
B66: 其 中 | C66: 袋装 | I66: 0 | L66: 0
C67: 散装 | I67: 0 | L67: 0
A68: 宁德建福 | B68: 水泥生产/出厂 | E68: 0 | I68: 0 | L68: 0 | M68: 1502.56 | N68: =M68/50000*100 -> 3.00512 | P68: 宁德建福
B69: 熟料 | D69: 权属调拨 | I69: 0 | L69: 0 | M69: 467.66 | N69: =(M69+M70)/50000*100 -> 0.93532
D70: 外购熟料 | I70: 0 | L70: 0 | M70: 0
B71: 总销量 | I71: 0 | L71: 0 | P71: 市场部
B72: 水泥销售量 | E72: 0 | I72: 0 | L72: 0
B73: 其 中 | C73: 袋装 | I73: 0 | L73: 0
C74: 散装 | I74: 0 | L74: 0 | O74: 备注 | P74: 安砂建福德化
A75: 中转库 | B75: 总销量 | I75: 0 | L75: 0
B76: 水泥销售量 | I76: 0 | L76: 0
B77: 其 中 | C77: 袋装 | I77: 0 | L77: 0
C78: 散装 | I78: 0 | L78: 0
A79: 安砂建福德化 | B79: 水泥生产/出厂 | E79: 18000 | I79: 147128.47 | L79: 141891.45 | M79: 4884.78 | S79: 报出时间： | T79: =NOW() -> 46062.75 | V79: =NOW() -> 46062.75
B80: 熟料 | D80: 权属调拨 | I80: 0 | L80: 0 | M80: 0
D81: 外购熟料 | I81: 0 | L81: 0
B82: 总销量 | I82: 0 | L82: 0
B83: 水泥销售量 | E83: 18000 | I83: 0 | L83: 0
B84: 其 中 | C84: 袋装 | I84: 0 | L84: 0
C85: 散装 | I85: 0 | L85: 0

Sheet kb
A1: 福建水泥股份有限公司日报表
A2: 计量单位：吨 | E2: 序时进度 | I2: =0/0 -> #DIV/0! | N2: 42005 | Z2: 表号:福泥运统字001
A3: 项目 | E3: 月计划 | F3: 期初库存 | G3: 日生产/进厂 | H3: 月累计 | I3: 年累计 | J3: 日消耗/出厂 | K3: 月累计 | L3: 年累计 | M3: 期末库存 | N3: 库容率% | O3: 项目 | R3: 台时产量（t/h，kwh/t） | U3: 运转率（%） | X3: 运行时间（h）
R4: 日 | S4: 月 | T4: 年 | U4: 日 | V4: 月 | W4: 年 | X4: 日 | Y4: 月 | Z4: 年
A5: 公司合计 | B5: 水泥生产/出厂 | E5: =E21+E31+E41+E51+E61+E71+E78+E85 -> 700000 | F5: =F21+F31+F41+F51+F61+F71+F78+F85 -> 0 | G5: =G21+G31+G41+G51+G61+G71+G78+G85 -> 0 | H5: =G5+'r'!H5 -> 0 | I5: =H5+yc!I5 -> 6154866 | J5: =J21+J31+J41+J51+J61+J71+J78+J85 -> 0 | K5: =J5+'r'!K5 -> 0 | L5: =K5+yc!L5 -> 6150071.1 | M5: =M21+M31+M41+M51+M61+M71+M78+M85 -> 0 | N5: =M5/374000*100 -> 0 | O5: 主机设备运行情况 | P5: 安砂 | Q5: 回转窑
B6: 其 中 | C6: P.O52.5 | H6: =G6+'r'!H6 -> 0 | I6: =H6+yc!I6 -> 276349.96 | K6: =J6+'r'!K6 -> 0 | L6: =K6+yc!L6 -> 262197.7 | Q6: 水泥磨1
C7: PII42.5 | H7: =G7+'r'!H7 -> 0 | I7: =H7+yc!I7 -> 0 | K7: =J7+'r'!K7 -> 0 | L7: =K7+yc!L7 -> 0 | Q7: 水泥磨2
C8: P.042.5R | H8: =G8+'r'!H8 -> 0 | I8: =H8+yc!I8 -> 525536.99 | K8: =J8+'r'!K8 -> 0 | L8: =K8+yc!L8 -> 507744.71 | Q8: 回转窑
C9: P.042.5 | H9: =G9+'r'!H9 -> 0 | I9: =H9+yc!I9 -> 4135388.9 | K9: =J9+'r'!K9 -> 0 | L9: =K9+yc!L9 -> 4097478.8 | P9: 曹远 | Q9: 水泥磨A1
C10: P.C32.5R | H10: =G10+'r'!H10 -> 0 | I10: =H10+yc!I10 -> 917527.17 | K10: =J10+'r'!K10 -> 0 | L10: =K10+yc!L10 -> 897228.72 | Q10: 水泥磨D1
C11: P.C32.5 | H11: =G11+'r'!H11 -> 0 | I11: =H11+yc!I11 -> 0 | K11: =J11+'r'!K11 -> 0 | L11: =K11+yc!L11 -> 0 | Q11: 水泥磨D2
B12: 熟 料 | C12: 进厂 | D12: 自产 | E12: =E22+E32+E42+E52+E62 -> 560000 | F12: =F22+F32+F42+F52+F62+F72+F79+F86 -> 0 | G12: =G22+G32+G42+G52+G62 -> 0 | H12: =G12+'r'!H12 -> 0 | I12: =H12+yc!I12 -> 4942391.2 | J12: =J22+J32+J42+J52+J62+J72+J79+J86 -> 0 | K12: =J12+'r'!K12 -> 0 | L12: =K12+yc!L12 -> 5029106.4 | M12: =M28+M38+M48+M58+M68+M78+M85+M92 -> 0 | N12: =M12/439000*100 -> 0 | P12: 德化 | Q12: 回转窑
D13: 外购 | E13: =E23+E33+E43+E53+E63+E73+E80+E87 -> 0 | G13: =G23+G33+G43+G53+G63+G73+G80+G87 -> 0 | H13: =G13+'r'!H13 -> 0 | I13: =H13+yc!I13 -> 0 | K13: =J13+'r'!K13 -> 0 | L13: =K13+yc!L13 -> 0 | Q13: 水泥磨1
C14: 出厂 | D14: 权属调拨 | E14: =E24+E34+E44+E54+E64 -> 0 | G14: =G24+G34+G44+G54+G64 -> 0 | H14: =G14+'r'!H14 -> 0 | I14: =H14+yc!I14 -> 964543.68 | J14: =J24+J34+J44+J54+J64 -> 0 | K14: =J14+'r'!K14 -> 0 | L14: =K14+yc!L14 -> 1792944.1 | Q14: 水泥磨2
D15: 外发熟料 | E15: =E25+E35+E45+E55+E65 -> 0 | G15: =G25+G35+G45+G55+G65 -> 0 | H15: =G15+'r'!H15 -> 0 | I15: =H15+yc!I15 -> 0 | J15: =J25+J35+J45+J55+J65 -> 0 | K15: =J15+'r'!K15 -> 0 | L15: =K15+yc!L15 -> 114756.5 | P15: 大湖 | Q15: 回转窑
B16: 总销量 | E16: =E26+E36+E46+E56+E66+E74+E81+E88 -> 700000 | G16: =G26+G36+G46+G56+G66+G74+G81+G88 -> 0 | H16: =G16+'r'!H16 -> 0 | I16: =H16+yc!I16 -> 0 | J16: =J26+J36+J46+J56+J66+J74+J81+J88 -> 0 | K16: =J16+'r'!K16 -> 0 | L16: =K16+yc!L16 -> 0 | Q16: 水泥磨1
B17: 水泥销售量 | E17: =E27+E37+E47+E57+E67+E75+E82+E89 -> 700000 | G17: =G27+G37+G47+G57+G67+G75+G82+G89 -> 0 | H17: =G17+'r'!H17 -> 0 | I17: =H17+yc!I17 -> 0 | J17: =J27+J37+J47+J57+J67+J75+J82+J89 -> 0 | K17: =J17+'r'!K17 -> 0 | L17: =K17+yc!L17 -> 0 | P17: 顺昌 | Q17: 回转窑4k
B18: 其 中 | C18: 袋装 | E18: =E28+E38+E48+E58+E68+E76+E83+E90 -> 318000 | G18: =G28+G38+G48+G58+G68+G76+G83+G90 -> 0 | H18: =G18+'r'!H18 -> 0 | I18: =H18+yc!I18 -> 0 | J18: =J28+J38+J48+J58+J68+J76+J83+J90 -> 0 | K18: =J18+'r'!K18 -> 0 | L18: =K18+yc!L18 -> 0 | Q18: 回转窑5k
C19: 散装 | E19: =E29+E39+E49+E59+E69+E77+E84+E91 -> 382000 | G19: =G29+G39+G49+G59+G69+G77+G84+G91 -> 0 | H19: =G19+'r'!H19 -> 0 | I19: =H19+yc!I19 -> 0 | J19: =J29+J39+J49+J59+J69+J77+J84+J91 -> 0 | K19: =J19+'r'!K19 -> 0 | L19: =K19+yc!L19 -> 0 | Q19: 回转窑8k
B20: 商品熟料 | E20: =E30+E40+E50+E60+E70 -> 0 | G20: =G30+G40+G50+G60+G70 -> 0 | H20: =G20+'r'!H20 -> 0 | I20: =H20+yc!I20 -> 0 | J20: =J30+J40+J50+J60+J70 -> 0 | K20: =J20+'r'!K20 -> 0 | L20: =K20+yc!L20 -> 0 | Q20: 水泥磨1
A21: 安砂 | B21: 水泥生产/出厂 | E21: 123000 | H21: =G21+'r'!H21 -> 0 | I21: =H21+yc!I21 -> 2109438 | K21: =J21+'r'!K21 -> 0 | L21: =K21+yc!L21 -> 2066454 | N21: =M21/47000*100 -> 0 | Q21: 水泥磨2
B22: 熟 料 | C22: 进厂 | D22: 自产 | E22: 131000 | H22: =G22+'r'!H22 -> 0 | I22: =H22+yc!I22 -> 2030981 | K22: =J22+'r'!K22 -> 0 | L22: =K22+yc!L22 -> 1891461.4 | N22: =M22/55000*100 -> 0 | P22: 闽侯 | Q22: 水泥磨1
D23: 外购 | H23: =G23+'r'!H23 -> 0 | I23: =H23+yc!I23 -> 0 | K23: =J23+'r'!K23 -> 0 | L23: =K23+yc!L23 -> 0 | Q23: 水泥磨2
C24: 出厂 | D24: 权属调拨 | H24: =G24+'r'!H24 -> 0 | I24: =H24+yc!I24 -> 0 | K24: =J24+'r'!K24 -> 0 | L24: =K24+yc!L24 -> 279826.53 | P24: 漳州 | Q24: 水泥磨1
D25: 外发熟料 | H25: =G25+'r'!H25 -> 0 | I25: =H25+yc!I25 -> 0 | K25: =J25+'r'!K25 -> 0 | L25: =K25+yc!L25 -> 79320.85 | P25: 宁德 | Q25: 水泥磨2
B26: 总销量 | E26: =E27+E30 -> 122000 | H26: =G26+'r'!H26 -> 0 | I26: =H26+yc!I26 -> 0 | J26: =J27+J30 -> 0 | K26: =J26+'r'!K26 -> 0 | L26: =K26+yc!L26 -> 0 | O26: 余热发电 | P26: 曹远
B27: 水泥销售量 | E27: =SUM(E28:E29) -> 122000 | H27: =G27+'r'!H27 -> 0 | I27: =H27+yc!I27 -> 0 | J27: =SUM(J28:J29) -> 0 | K27: =J27+'r'!K27 -> 0 | L27: =K27+yc!L27 -> 0 | P27: 安砂
B28: 其 中 | C28: 袋装 | E28: 64000 | H28: =G28+'r'!H28 -> 0 | I28: =H28+yc!I28 -> 0 | K28: =J28+'r'!K28 -> 0 | L28: =K28+yc!L28 -> 0 | P28: 大湖
C29: 散装 | E29: 58000 | H29: =G29+'r'!H29 -> 0 | I29: =H29+yc!I29 -> 0 | K29: =J29+'r'!K29 -> 0 | L29: =K29+yc!L29 -> 0 | P29: 德化
B30: 商品熟料 | H30: =G30+'r'!H30 -> 0 | I30: =H30+yc!I30 -> 0 | K30: =J30+'r'!K30 -> 0 | L30: =K30+yc!L30 -> 0 | P30: 顺昌1
A31: 曹远 | B31: 水泥生产/出厂 | E31: 118000 | H31: =G31+'r'!H31 -> 0 | I31: =H31+yc!I31 -> 1373007 | K31: =J31+'r'!K31 -> 0 | L31: =K31+yc!L31 -> 1356048.1 | N31: =M31/75000*100 -> 0 | P31: 顺昌2
B32: 熟 料 | C32: 进厂 | D32: 自产 | E32: 131000 | H32: =G32+'r'!H32 -> 0 | I32: =H32+yc!I32 -> 1527843 | K32: =J32+'r'!K32 -> 0 | L32: =K32+yc!L32 -> 1021478 | N32: =M32/65000*100 -> 0 | O32: 监控指标 | P32: 项目 | R32: 安砂 | S32: 曹远 | T32: 德化 | U32: 大湖 | V32: 顺昌 | W32: 闽侯 | X32: 漳州 | Y32: 宁德
D33: 外购 | H33: =G33+'r'!H33 -> 0 | I33: =H33+yc!I33 -> 0 | K33: =J33+'r'!K33 -> 0 | L33: =K33+yc!L33 -> 0 | P33: 原料耗 | Q33: 年度累计
C34: 出厂 | D34: 权属调拨 | H34: =G34+'r'!H34 -> 0 | I34: =H34+yc!I34 -> 0 | K34: =J34+'r'!K34 -> 0 | L34: =K34+yc!L34 -> 467202.93 | P34: 生料耗 | Q34: 年度累计
D35: 外发熟料 | H35: =G35+'r'!H35 -> 0 | I35: =H35+yc!I35 -> 0 | K35: =J35+'r'!K35 -> 0 | L35: =K35+yc!L35 -> 0 | P35: 熟料耗 | Q35: 年度累计
B36: 总销量 | E36: =E37+E40 -> 118000 | H36: =G36+'r'!H36 -> 0 | I36: =H36+yc!I36 -> 0 | J36: =J37+J40 -> 0 | L36: =K36+yc!L36 -> 0 | P36: 煤损耗 | Q36: 年度累计
B37: 水泥销售量 | E37: =SUM(E38:E39) -> 118000 | H37: =G37+'r'!H37 -> 0 | I37: =H37+yc!I37 -> 0 | J37: =SUM(J38:J39) -> 0 | K37: =J37+'r'!K37 -> 0 | L37: =K37+yc!L37 -> 0 | O37: 主 要 原 燃 材 料 动 态 | P37: 水泥耗 | Q37: 年度累计
B38: 其 中 | C38: 袋装 | E38: 76000 | H38: =G38+'r'!H38 -> 0 | I38: =H38+yc!I38 -> 0 | K38: =J38+'r'!K38 -> 0 | L38: =K38+yc!L38 -> 0 | P38: 材料名称 | R38: 计划 | S38: 期初库存 | T38: 日进厂 | U38: 月累 进厂 | V38: 年累 进厂 | W38: 日消耗 | X38: 月累消耗 | Y38: 年累消耗 | Z38: 期末库存
C39: 散装 | E39: 42000 | H39: =G39+'r'!H39 -> 0 | I39: =H39+yc!I39 -> 0 | K39: =J39+'r'!K39 -> 0 | L39: =K39+yc!L39 -> 0 | P39: 安砂 | Q39: 无烟煤 | R39: 22500 | S39: =[1]月报!$S$17 -> 9938.78 | T39: =[1]月报!$T$17 -> 0 | V39: =U39+yc!V35 -> 0 | W39: =[1]月报!$W$17 -> 0 | Y39: =X39+yc!Y35 -> 0 | Z39: =Y39+#REF! -> #REF!
B40: 商品熟料 | H40: =G40+'r'!H40 -> 0 | I40: =H40+yc!I40 -> 0 | K40: =J40+'r'!K40 -> 0 | L40: =K40+yc!L40 -> 0 | V40: =U40+yc!V36 -> #VALUE! | Y40: =X40+yc!Y36 -> #VALUE!
A41: 德化 | B41: 水泥生产/出厂 | E41: 99000 | H41: =G41+'r'!H41 -> 0 | I41: =H41+yc!#REF! -> #REF! | K41: =J41+'r'!K41 -> 0 | L41: =K41+yc!#REF! -> #REF! | N41: =M41/48000*100 -> 0 | Q41: 石膏 | R41: 7600 | S41: =[1]月报!$S$19+[1]月报!$S$20+[1]月报!$S$21+[1]月报!$S$22 -> 7764.83 | T41: =[1]月报!$T$19+[1]月报!$T$20+[1]月报!$T$21+[1]月报!$T$22 -> 0 | V41: =U41+yc!V37 -> 0 | W41: =[1]月报!$W$19+[1]月报!$W$20+[1]月报!$W$21+[1]月报!$W$22 -> 0 | Y41: =X41+yc!Y37 -> 0 | Z41: =[1]月报!$Z$19+[1]月报!$Z$20+[1]月报!$Z$21+[1]月报!$Z$22 -> 8292.593
B42: 熟 料 | C42: 进厂 | D42: 自产 | E42: 80000 | H42: =G42+'r'!H42 -> 0 | I42: =H42+yc!#REF! -> #REF! | K42: =J42+'r'!K42 -> 0 | L42: =K42+yc!#REF! -> #REF! | N42: =M42/100000*100 -> 0 | Q42: 铁粉 | S42: =[1]月报!$S$12 -> 3696.51 | T42: =[1]月报!$T$12 -> 0 | V42: =U42+yc!V38 -> 259139.72 | W42: =[1]月报!$W$12 -> 0 | Y42: =X42+yc!Y38 -> 256107 | Z42: =[1]月报!$Z$12 -> 2953.055
D43: 外购 | H43: =G43+'r'!H43 -> 0 | I43: =H43+yc!#REF! -> #REF! | K43: =J43+'r'!K43 -> 0 | L43: =K43+yc!#REF! -> #REF! | P43: 曹远 | Q43: 无烟煤 | R43: 22500 | S43: =[2]月报!$F$70 -> 8252 | T43: =[2]月报!$H$70 -> 0 | V43: =U43+yc!V39 -> 78813.599 | W43: =[2]月报!$K$70 -> 0 | Y43: =X43+yc!Y39 -> 78759 | Z43: =[2]月报!$N$70 -> 4300
C44: 出厂 | D44: 权属调拨 | H44: =G44+'r'!H44 -> 0 | I44: =H44+yc!#REF! -> #REF! | K44: =J44+'r'!K44 -> 0 | L44: =K44+yc!#REF! -> #REF!
D45: 外发熟料 | H45: =G45+'r'!H45 -> 0 | I45: =H45+yc!#REF! -> #REF! | K45: =J45+'r'!K45 -> 0 | L45: =K45+yc!#REF! -> #REF! | Q45: 混合煤 | V45: =U45+yc!V41 -> 0.621 | Y45: =X45+yc!Y41 -> 9.4591002e-14
B46: 总销量 | E46: =E47+E50 -> 99000 | H46: =G46+'r'!H46 -> 0 | I46: =H46+yc!#REF! -> #REF! | J46: =J47+J50 -> 0 | K46: =J46+'r'!K46 -> 0 | L46: =K46+yc!#REF! -> #REF! | Q46: 石膏 | R46: 8500 | S46: =[2]月报!$F$74+[2]月报!$F$75 -> 7312.9999 | T46: =[2]月报!$H$74+[2]月报!$H$75 -> 0 | V46: =U46+yc!V42 -> 207586.97 | W46: =[2]月报!$K$74+[2]月报!$K$75 -> 0 | Y46: =X46+yc!Y42 -> 202471 | Z46: =[2]月报!$N$74+[2]月报!$N$75 -> 4777.9962
B47: 水泥销售量 | E47: =SUM(E48:E49) -> 99000 | H47: =G47+'r'!H47 -> 0 | I47: =H47+yc!#REF! -> #REF! | J47: =SUM(J48:J49) -> 0 | K47: =J47+'r'!K47 -> 0 | L47: =K47+yc!#REF! -> #REF! | Q47: 铁粉 | S47: =[2]月报!$F$72+[2]月报!$F$73 -> 1250 | T47: =[2]月报!$H$72+[2]月报!$H$73 -> 0 | V47: =U47+yc!V43 -> 0 | W47: =[2]月报!$K$72+[2]月报!$K$73 -> 0 | Y47: =X47+yc!Y43 -> 0 | Z47: =[2]月报!$N$72+[2]月报!$N$73 -> 1150
B48: 其 中 | C48: 袋装 | E48: 50000 | H48: =G48+'r'!H48 -> 0 | I48: =H48+yc!#REF! -> #REF! | K48: =J48+'r'!K48 -> 0 | L48: =K48+yc!#REF! -> #REF! | P48: 德化 | Q48: 烟煤 | S48: =[3]月报!$S$16 -> #REF! | T48: =[3]月报!$T$16 -> #REF! | V48: =U48+yc!#REF! -> #REF! | W48: =[3]月报!$W$16 -> #REF! | Y48: =X48+yc!#REF! -> #REF! | Z48: =[3]月报!$Z$16 -> #REF!
C49: 散装 | E49: 49000 | H49: =G49+'r'!H49 -> 0 | I49: =H49+yc!#REF! -> #REF! | K49: =J49+'r'!K49 -> 0 | L49: =K49+yc!#REF! -> #REF! | Q49: 无烟煤 | R49: 8000 | S49: =[3]月报!$S$17 -> #REF! | T49: =[3]月报!$T$17 -> #REF! | V49: =U49+yc!#REF! -> #REF! | W49: =[3]月报!$W$17 -> #REF! | Y49: =X49+yc!#REF! -> #REF! | Z49: =[3]月报!$Z$17 -> #REF!
B50: 商品熟料 | H50: =G50+'r'!H50 -> 0 | I50: =H50+yc!#REF! -> #REF! | K50: =J50+'r'!K50 -> 0 | L50: =K50+yc!#REF! -> #REF! | Q50: 石膏 | R50: 2600 | S50: =[3]月报!$S$23+[3]月报!$S$20+[3]月报!$S$21+[3]月报!$S$22+[3]月报!$S$24 -> #REF! | T50: =[3]月报!$T$23+[3]月报!$T$20+[3]月报!$T$21+[3]月报!$T$22+[3]月报!$T$24 -> #REF! | V50: =U50+yc!#REF! -> #REF! | W50: =[3]月报!$W$23+[3]月报!$W$20+[3]月报!$W$21+[3]月报!$W$22+[3]月报!$W$24 -> #REF! | Y50: =X50+yc!#REF! -> #REF! | Z50: =[3]月报!$Z$23+[3]月报!$Z$20+[3]月报!$Z$21+[3]月报!$Z$22+[3]月报!$Z$24 -> #REF!
A51: 大湖 | B51: 水泥生产/出厂 | E51: 68000 | H51: =G51+'r'!H51 -> 0 | I51: =H51+yc!I41 -> 124976 | K51: =J51+'r'!K51 -> 0 | L51: =K51+yc!L41 -> 121393.54 | N51: =M51/30000*100 -> 0 | Q51: 铁粉 | S51: =[3]月报!$S$12+[3]月报!$S$18 -> #REF! | T51: =[3]月报!$T$12+[3]月报!$T$18 -> #REF! | V51: =U51+yc!#REF! -> #REF! | W51: =[3]月报!$W$12+[3]月报!$W$18 -> #REF! | Y51: =X51+yc!#REF! -> #REF! | Z51: =[3]月报!$Z$12+[3]月报!$Z$18 -> #REF!
B52: 熟 料 | C52: 进厂 | D52: 自产 | E52: 62000 | H52: =G52+'r'!H52 -> 0 | I52: =H52+yc!I42 -> 0 | K52: =J52+'r'!K52 -> 0 | L52: =K52+yc!L42 -> 0 | N52: =M52/50000*100 -> 0 | P52: 大湖 | Q52: 无烟煤 | S52: =[4]月报!$E$51 -> 5500.57 | T52: =[4]月报!$F$51 -> 0 | V52: =U52+yc!V44 -> 64753.168 | W52: =[4]月报!$I$51 -> 0 | Y52: =X52+yc!Y44 -> 66410 | Z52: =[4]月报!$L$51 -> 5500.57
D53: 外购 | H53: =G53+'r'!H53 -> 0 | I53: =H53+yc!I43 -> 0 | K53: =J53+'r'!K53 -> 0 | L53: =K53+yc!L43 -> 0 | Q53: 石膏 | R53: 2000 | S53: =[4]月报!$F$53+[4]月报!$F$54+[4]月报!$F$55+[4]月报!$F$56 -> 0 | T53: =[4]月报!$F$53+[4]月报!$F$54+[4]月报!$F$55+[4]月报!$F$56 -> 0 | V53: =U53+yc!V45 -> 1.329 | W53: =[4]月报!$I$53+[4]月报!$I$54+[4]月报!$I$55+[4]月报!$I$56 -> 0 | Y53: =X53+yc!Y45 -> 1.329 | Z53: =[4]月报!$L$53+[4]月报!$L$54+[4]月报!$L$55+[4]月报!$L$56 -> 1796.626
C54: 出厂 | D54: 权属调拨 | H54: =G54+'r'!H54 -> 0 | I54: =H54+yc!I44 -> 128550.22 | K54: =J54+'r'!K54 -> 0 | L54: =K54+yc!L44 -> 0 | Q54: 铁粉 | S54: =[4]月报!$E$47+[4]月报!$E$48 -> 840.85 | T54: =[4]月报!$F$47+[4]月报!$F$48 -> 0 | V54: =U54+yc!V46 -> 0 | W54: =[4]月报!$I$47+[4]月报!$I$48 -> 0 | Y54: =X54+yc!Y46 -> 0 | Z54: =[4]月报!$L$47+[4]月报!$L$48 -> 840.85
D55: 外发熟料 | H55: =G55+'r'!H55 -> 0 | I55: =H55+yc!I45 -> 0 | K55: =J55+'r'!K55 -> 0 | L55: =K55+yc!L45 -> 0 | P55: 顺昌 | Q55: 烟煤 | R55: 9500 | S55: =[5]月报!$Y$7 -> 14957.063 | T55: =[5]月报!$Z$7 -> 0 | V55: =U55+yc!V47 -> 0 | W55: =[5]月报!$AC$7 -> 0 | Y55: =X55+yc!Y47 -> 0 | Z55: =[5]月报!$AF$7 -> 12301.632
B56: 总销量 | E56: =E57+E60 -> 66000 | H56: =G56+'r'!H56 -> 0 | I56: =H56+yc!I46 -> 0 | J56: =J57+J60 -> 0 | K56: =J56+'r'!K56 -> 0 | L56: =K56+yc!L46 -> 0 | Q56: 无烟煤 | R56: 9500 | S56: =[5]月报!$Y$6 -> 11614.811 | T56: =[5]月报!$Z$6 -> 0 | V56: =U56+yc!V48 -> 6026.53 | W56: =[5]月报!$AC$6 -> 0 | Y56: =X56+yc!Y48 -> 0 | Z56: =[5]月报!$AF$6 -> 9515.614
B57: 水泥销售量 | E57: =SUM(E58:E59) -> 66000 | H57: =G57+'r'!H57 -> 0 | I57: =H57+yc!I47 -> 0 | J57: =SUM(J58:J59) -> 0 | K57: =J57+'r'!K57 -> 0 | L57: =K57+yc!L47 -> 0 | O57: 设备运行状况 | Q57: 石膏 | R57: 4500 | S57: =[5]月报!$Y$11+[5]月报!$Y$12+[5]月报!$Y$13+[5]月报!$Y$14 -> 2075.155 | T57: =[5]月报!$Z$11+[5]月报!$Z$12+[5]月报!$Z$13+[5]月报!$Z$14 -> 0 | V57: =U57+yc!V49 -> 179888.95 | W57: =[5]月报!$AC$11+[5]月报!$AC$12+[5]月报!$AC$13+[5]月报!$AC$14 -> 0 | Y57: =X57+yc!Y49 -> 176530.34 | Z57: =[5]月报!$AF$11+[5]月报!$AF$12+[5]月报!$AF$13+[5]月报!$AF$14 -> 3799.855
B58: 其 中 | C58: 袋装 | E58: 38000 | H58: =G58+'r'!H58 -> 0 | I58: =H58+yc!I48 -> 0 | K58: =J58+'r'!K58 -> 0 | L58: =K58+yc!L48 -> 0 | Q58: 铁粉 | S58: =[5]月报!$Y$8 -> 5367.02 | T58: =[5]月报!$Z$8 -> 0 | V58: =U58+yc!V50 -> 0 | W58: =[5]月报!$AC$8 -> 0 | Y58: =X58+yc!Y50 -> 0 | Z58: =[5]月报!$AF$8 -> 5928.358
C59: 散装 | E59: 28000 | H59: =G59+'r'!H59 -> 0 | I59: =H59+yc!I49 -> 0 | K59: =J59+'r'!K59 -> 0 | L59: =K59+yc!L49 -> 0 | P59: 漳州 | Q59: 石膏 | V59: =U59+yc!#REF! -> #REF! | Y59: =X59+yc!#REF! -> #REF! | Z59: 887
B60: 商品熟料 | H60: =G60+'r'!H60 -> 0 | I60: =H60+yc!I50 -> 0 | K60: =J60+'r'!K60 -> 0 | L60: =K60+yc!L50 -> 0 | P60: 闽侯 | Q60: 石膏 | R60: 6200 | S60: =[6]月报!$M$15+[6]月报!$M$16+[6]月报!$M$17 -> 2774.41 | T60: =[6]月报!$N$15+[6]月报!$N$16+[6]月报!$N$17 -> 0 | V60: =U60+yc!V51 -> 62998.471 | W60: =[6]月报!$Q$15+[6]月报!$Q$16+[6]月报!$Q$17 -> 0 | Y60: =X60+yc!Y51 -> 60616.237 | Z60: =[6]月报!$T$15+[6]月报!$T$16+[6]月报!$T$17 -> 1979.763
A61: 顺昌 | B61: 水泥生产/出厂 | E61: 97000 | H61: =G61+'r'!H61 -> 0 | I61: =H61+yc!I51 -> 1376399 | K61: =J61+'r'!K61 -> 0 | L61: =K61+yc!L51 -> 1363123.9 | N61: =M61/45000*100 -> 0 | P61: 宁德 | Q61: 石膏 | R61: 2500 | S61: =[7]月报!$D$43 -> 555.929 | T61: =[7]月报!$E$43 -> 0 | V61: =U61+yc!V52 -> 0 | W61: =[7]月报!$H$43 -> 0 | Y61: =X61+yc!Y52 -> 0 | Z61: =[7]月报!$K$43 -> 384.909
B62: 熟 料 | C62: 进厂 | D62: 自产 | E62: 156000 | H62: =G62+'r'!H62 -> 0 | I62: =H62+yc!I52 -> 1383567.2 | K62: =J62+'r'!K62 -> 0 | L62: =K62+yc!L52 -> 1281694.2 | N62: =M62/80000*100 -> 0 | P62: 安砂
D63: 外购 | H63: =G63+'r'!H63 -> 0 | I63: =H63+yc!I53 -> 0 | K63: =J63+'r'!K63 -> 0 | L63: =K63+yc!L53 -> 0
C64: 出厂 | D64: 权属调拨 | H64: =G64+'r'!H64 -> 0 | I64: =H64+yc!I54 -> 0 | K64: =J64+'r'!K64 -> 0 | L64: =K64+yc!L54 -> 211441.85 | P64: 曹远
D65: 外发熟料 | H65: =G65+'r'!H65 -> 0 | I65: =H65+yc!I55 -> 0 | K65: =J65+'r'!K65 -> 0 | L65: =K65+yc!L55 -> 35435.65
B66: 总销量 | E66: =E67+E70 -> 85000 | H66: =G66+'r'!H66 -> 0 | I66: =H66+yc!I56 -> 0 | J66: =J67+J70 -> 0 | K66: =J66+'r'!K66 -> 0 | L66: =K66+yc!L56 -> 0
B67: 水泥销售量 | E67: =SUM(E68:E69) -> 85000 | H67: =G67+'r'!H67 -> 0 | I67: =H67+yc!I57 -> 0 | J67: =SUM(J68:J69) -> 0 | K67: =J67+'r'!K67 -> 0 | L67: =K67+yc!L57 -> 0 | P67: 德化
B68: 其 中 | C68: 袋装 | E68: 38000 | H68: =G68+'r'!H68 -> 0 | I68: =H68+yc!I58 -> 0 | K68: =J68+'r'!K68 -> 0 | L68: =K68+yc!L58 -> 0
C69: 散装 | E69: 47000 | H69: =G69+'r'!H69 -> 0 | I69: =H69+yc!I59 -> 0 | K69: =J69+'r'!K69 -> 0 | L69: =K69+yc!L59 -> 0
B70: 商品熟料 | H70: =G70+'r'!H70 -> 0 | I70: =H70+yc!I60 -> 0 | K70: =J70+'r'!K70 -> 0 | L70: =K70+yc!L60 -> 0 | P70: 大湖
A71: 闽侯 | B71: 水泥生产/出厂 | E71: 104000 | H71: =G71+'r'!H71 -> 0 | I71: =H71+yc!I61 -> 1115873 | K71: =J71+'r'!K71 -> 0 | L71: =K71+yc!L61 -> 1101160.1 | N71: =M71/52000*100 -> 0
B72: 熟料 | D72: 权属调拨 | H72: =G72+'r'!H72 -> 0 | I72: =H72+yc!I62 -> 835993.46 | K72: =J72+'r'!K72 -> 0 | L72: =K72+yc!L62 -> 834472.8 | N72: =M72/25000*100 -> 0
D73: 外购熟料 | H73: =G73+'r'!H73 -> 0 | I73: =H73+yc!I63 -> 0 | K73: =J73+'r'!K73 -> 0 | L73: =K73+yc!L63 -> 0 | P73: 顺昌
B74: 总销量 | E74: =E75 -> 123000 | H74: =G74+'r'!H74 -> 0 | I74: =H74+yc!I64 -> 0 | J74: =J75 -> 0 | K74: =J74+'r'!K74 -> 0 | L74: =K74+yc!L64 -> 0
B75: 水泥销售量 | E75: =SUM(E76:E77) -> 123000 | H75: =G75+'r'!H75 -> 0 | I75: =H75+yc!I65 -> 0 | J75: =SUM(J76:J77) -> 0 | K75: =J75+'r'!K75 -> 0 | L75: =K75+yc!L65 -> 0
B76: 其 中 | C76: 袋装 | E76: 25000 | H76: =G76+'r'!H76 -> 0 | I76: =H76+yc!I66 -> 0 | K76: =J76+'r'!K76 -> 0 | L76: =K76+yc!L66 -> 0 | P76: 闽侯
C77: 散装 | E77: 98000 | H77: =G77+'r'!H77 -> 0 | I77: =H77+yc!I67 -> 0 | K77: =J77+'r'!K77 -> 0 | L77: =K77+yc!L67 -> 0
A78: 漳州 | B78: 水泥生产/出厂 | E78: 34000 | H78: =G78+'r'!H78 -> 0 | I78: =H78+yc!#REF! -> #REF! | K78: =J78+'r'!K78 -> 0 | L78: =K78+yc!#REF! -> #REF! | N78: =M78/27000*100 -> 0
B79: 熟料 | D79: 权属调拨 | H79: =G79+'r'!H79 -> 0 | I79: =H79+yc!#REF! -> #REF! | K79: =J79+'r'!K79 -> 0 | L79: =K79+yc!#REF! -> #REF! | N79: =M79/14000*100 -> 0 | P79: 漳州
D80: 外购熟料 | H80: =G80+'r'!H80 -> 0 | I80: =H80+yc!#REF! -> #REF! | K80: =J80+'r'!K80 -> 0 | L80: =K80+yc!#REF! -> #REF!
B81: 总销量 | E81: =E82 -> 32000 | H81: =G81+'r'!H81 -> 0 | I81: =H81+yc!#REF! -> #REF! | J81: =J82 -> 0 | K81: =J81+'r'!K81 -> 0 | L81: =K81+yc!#REF! -> #REF!
B82: 水泥销售量 | E82: =SUM(E83:E84) -> 32000 | H82: =G82+'r'!H82 -> 0 | I82: =H82+yc!#REF! -> #REF! | J82: =SUM(J83:J84) -> 0 | K82: =J82+'r'!K82 -> 0 | L82: =K82+yc!#REF! -> #REF! | P82: 宁德
B83: 其 中 | C83: 袋装 | E83: 12000 | H83: =G83+'r'!H83 -> 0 | I83: =H83+yc!#REF! -> #REF! | K83: =J83+'r'!K83 -> 0 | L83: =K83+yc!#REF! -> #REF!
C84: 散装 | E84: 20000 | H84: =G84+'r'!H84 -> 0 | I84: =H84+yc!#REF! -> #REF! | K84: =J84+'r'!K84 -> 0 | L84: =K84+yc!#REF! -> #REF! | O84: 备注
A85: 宁德 | B85: 水泥生产/出厂 | E85: 57000 | H85: =G85+'r'!H85 -> 0 | I85: =H85+yc!I68 -> 0 | K85: =J85+'r'!K85 -> 0 | L85: =K85+yc!L68 -> 0 | N85: =M85/50000*100 -> 0 | P85: 销售
B86: 熟料 | D86: 权属调拨 | H86: =G86+'r'!H86 -> 0 | I86: =H86+yc!I69 -> 0 | K86: =J86+'r'!K86 -> 0 | L86: =K86+yc!L69 -> 0 | N86: =M86/50000*100 -> 0
D87: 外购熟料 | H87: =G87+'r'!H87 -> 0 | I87: =H87+yc!I70 -> 0 | K87: =J87+'r'!K87 -> 0 | L87: =K87+yc!L70 -> 0
B88: 总销量 | E88: =E89 -> 55000 | H88: =G88+'r'!H88 -> 0 | I88: =H88+yc!I71 -> 0 | J88: =J89 -> 0 | K88: =J88+'r'!K88 -> 0 | L88: =K88+yc!L71 -> 0
B89: 水泥销售量 | E89: =SUM(E90:E91) -> 55000 | H89: =G89+'r'!H89 -> 0 | I89: =H89+yc!I72 -> 0 | J89: =SUM(J90:J91) -> 0 | K89: =J89+'r'!K89 -> 0 | L89: =K89+yc!L72 -> 0
B90: 其 中 | C90: 袋装 | E90: 15000 | H90: =G90+'r'!H90 -> 0 | I90: =H90+yc!I73 -> 0 | K90: =J90+'r'!K90 -> 0 | L90: =K90+yc!L73 -> 0
C91: 散装 | E91: 40000 | H91: =G91+'r'!H91 -> 0 | I91: =H91+yc!I74 -> 0 | K91: =J91+'r'!K91 -> 0 | L91: =K91+yc!L74 -> 0
A92: 中转库 | B92: 总销量 | I92: =H92+yc!I75 -> 0 | L92: =K92+yc!L75 -> 0
B93: 水泥销售量 | I93: =H93+yc!I76 -> 0 | L93: =K93+yc!L76 -> 0
B94: 其 中 | C94: 袋装 | I94: =H94+yc!I77 -> 0 | L94: =K94+yc!L77 -> 0
C95: 散装 | I95: =H95+yc!I78 -> 0 | L95: =K95+yc!L78 -> 0
T96: 报出时间： | U96: =NOW() -> 46062.75 | W96: =NOW() -> 46062.75

Sheet 1
A1: 福建水泥股份有限公司生产日报表
A2: 计量单位：吨 | E2: 序时进度 | I2: =1/31 -> 0.032258065 | N2: 45992 | Z2: 表号:福泥运统字001
A3: 项目 | E3: 月计划 | F3: 期初库存 | G3: 日生产/进厂 | H3: 月累计 | I3: 年累计 | J3: 日消耗/出厂 | K3: 月累计 | L3: 年累计 | M3: 期末库存 | N3: 库容率% | O3: 项目 | R3: 台时产量（t/h，kwh/t） | U3: 运转率（%） | X3: 运行时间（h）
R4: 日 | S4: 月 | T4: 年 | U4: 日 | V4: 月 | W4: 年 | X4: 日 | Y4: 月 | Z4: 年
A5: 公司合计 | B5: 水泥生产/出厂 | E5: =E21+E31+E41+E51+E61+E68+E79 -> 650000 | F5: =F21+F31+F41+F51+F61+F68+F79 -> 262736.85 | G5: =G21+G31+G41+G51+G61+G68+G79 -> 16526.84 | H5: =G5+'r'!H5 -> 16526.84 | I5: =H5+yc!I5 -> 6171392.9 | J5: =J21+J31+J41+J51+J61+J68+J79 -> 22586.48 | K5: =J5+'r'!K5 -> 22586.48 | L5: =K5+yc!L5 -> 6172657.6 | M5: =M21+M31+M41+M51+M61+M68+M79 -> 261561.99 | N5: =M5/374000*100 -> 69.936362 | O5: 主机设备运行情况 | P5: 安砂建福 | Q5: 回转窑1 | R5: ='[10]1'!$W$101 -> 273.58333 | S5: ='[10]1'!$X$101 -> 273.58333 | T5: ='[10]1'!$Y$101 -> 259.99982 | U5: ='[10]1'!$T$101 -> 100 | V5: ='[10]1'!$U$101 -> 100 | W5: ='[10]1'!$V$101 -> 64.767649 | X5: ='[10]1'!$Q$101 -> 24 | Y5: ='[10]1'!$R$101 -> 24 | Z5: ='[10]1'!$S$101 -> 5207.319
B6: 其 中 | C6: P.O52.5 | F6: ='[10]1'!$D$23+'[11]1'!$D$17+'[12]1'!$D$17+'[13]1'!$D$25+'[14]1'!$D$8+'[14]1'!$D$15+'[15]1'!$D$7 -> 32112.84 | G6: ='[10]1'!$E$23+'[11]1'!$E$17+'[12]1'!$E$17+'[13]1'!$E$25+'[14]1'!$E$8+'[14]1'!$E$15+'[15]1'!$E$7 -> 0 | H6: =G6+'r'!H6 -> 0 | I6: =H6+yc!I6 -> 276349.96 | J6: ='[10]1'!$I$23+'[11]1'!$I$17+'[12]1'!$I$17+'[13]1'!$I$25+'[14]1'!$E$23+'[14]1'!$E$30+'[15]1'!$H$7 -> 867.58 | K6: =J6+'r'!K6 -> 867.58 | L6: =K6+yc!L6 -> 263065.28 | M6: ='[10]1'!$L$23+'[11]1'!$L$17+'[12]1'!$L$17+'[13]1'!$L$25+'[14]1'!$H$23+'[14]1'!$H$30+'[15]1'!$K$7 -> 31245.26 | Q6: 回转窑2 | R6: ='[10]1'!$W$102 -> 0 | S6: ='[10]1'!$X$102 -> 0 | T6: ='[10]1'!$Y$102 -> 240.28021 | U6: ='[10]1'!$T$102 -> 0 | V6: ='[10]1'!$U$102 -> 0 | W6: ='[10]1'!$V$102 -> 35.388047 | X6: ='[10]1'!$Q$102 -> 0 | Y6: ='[10]1'!$R$102 -> 0 | Z6: ='[10]1'!$S$102 -> 2845.199
C7: M22.5 | F7: ='[12]1'!$D$22 -> 0 | G7: ='[12]1'!$E$22 -> 0 | H7: =G7+'r'!H7 -> 0 | I7: =H7+yc!I7 -> 0 | J7: ='[12]1'!$I$22 -> 0 | K7: =J7+'r'!K7 -> 0 | L7: =K7+yc!L7 -> 0 | M7: ='[12]1'!$L$22 -> 0 | Q7: 水泥磨1 | R7: ='[10]1'!$W$107 -> 128 | S7: ='[10]1'!$X$107 -> 128 | T7: ='[10]1'!$Y$107 -> 131.91554 | U7: ='[10]1'!$T$107 -> 41.666667 | V7: ='[10]1'!$U$107 -> 41.666667 | W7: ='[10]1'!$V$107 -> 31.037687 | X7: ='[10]1'!$Q$107 -> 10 | Y7: ='[10]1'!$R$107 -> 10 | Z7: ='[10]1'!$S$107 -> 2495.43
C8: P.042.5R | F8: ='[10]1'!$D$27+'[11]1'!$D$18+'[13]1'!$D$26+'[14]1'!$D$10+'[14]1'!$D$17+'[15]1'!$D$9 -> 41879.9 | G8: ='[10]1'!$E$27+'[11]1'!$E$18+'[13]1'!$E$26+'[14]1'!$E$10+'[14]1'!$E$17+'[15]1'!$E$9 -> 1999 | H8: =G8+'r'!H8 -> 1999 | I8: =H8+yc!I8 -> 527535.99 | J8: ='[10]1'!$I$27+'[11]1'!$I$18+'[13]1'!$I$26+'[14]1'!$E$25+'[14]1'!$E$32+'[15]1'!$H$9 -> 2353.67 | K8: =J8+'r'!K8 -> 2353.67 | L8: =K8+yc!L8 -> 510098.38 | M8: ='[10]1'!$L$27+'[11]1'!$L$18+'[13]1'!$L$26+'[14]1'!$H$25+'[14]1'!$H$32+'[15]1'!$K$9 -> 41525.23 | Q8: 水泥磨2 | R8: ='[10]1'!$W$108 -> 129.4 | S8: ='[10]1'!$X$108 -> 129.4 | T8: ='[10]1'!$Y$108 -> 127.43322 | U8: ='[10]1'!$T$108 -> 41.666667 | V8: ='[10]1'!$U$108 -> 41.666667 | W8: ='[10]1'!$V$108 -> 27.448383 | X8: ='[10]1'!$Q$108 -> 10 | Y8: ='[10]1'!$R$108 -> 10 | Z8: ='[10]1'!$S$108 -> 2206.85
C9: P.042.5 | F9: ='[10]1'!$D$24+'[11]1'!$D$19+'[12]1'!$D$20+'[13]1'!$D$27+'[14]1'!$D$11+'[14]1'!$D$18+'[15]1'!$D$10 -> 110865.71 | G9: ='[10]1'!$E$24+'[11]1'!$E$19+'[12]1'!$E$20+'[13]1'!$E$27+'[14]1'!$E$11+'[14]1'!$E$18+'[15]1'!$E$10 -> 11619 | H9: =G9+'r'!H9 -> 11619 | I9: =H9+yc!I9 -> 4147007.9 | J9: ='[10]1'!$I$24+'[11]1'!$I$19+'[12]1'!$I$20+'[13]1'!$I$27+'[14]1'!$E$26+'[14]1'!$E$33+'[15]1'!$H$10 -> 14642.03 | K9: =J9+'r'!K9 -> 14642.03 | L9: =K9+yc!L9 -> 4112120.8 | M9: ='[10]1'!$L$24+'[11]1'!$L$19+'[12]1'!$L$20+'[13]1'!$L$27+'[14]1'!$H$26+'[14]1'!$H$33+'[15]1'!$K$10 -> 107842.68 | Q9: 水泥磨3 | R9: ='[10]1'!$W$109 -> 257.02775 | S9: ='[10]1'!$X$109 -> 257.02775 | T9: ='[10]1'!$Y$109 -> 271.25618 | U9: ='[10]1'!$T$109 -> 46.541667 | V9: ='[10]1'!$U$109 -> 46.541667 | W9: ='[10]1'!$V$109 -> 34.90995 | X9: ='[10]1'!$Q$109 -> 11.17 | Y9: ='[10]1'!$R$109 -> 11.17 | Z9: ='[10]1'!$S$109 -> 2806.76
C10: M32.5 | F10: ='[10]1'!$D$25+'[11]1'!$D$20+'[12]1'!$D$21+'[13]1'!$D$28+'[14]1'!$D$12+'[14]1'!$D$19+'[15]1'!$D$11 -> 61206.942 | G10: ='[10]1'!$E$25+'[11]1'!$E$20+'[12]1'!$E$21+'[13]1'!$E$28+'[14]1'!$E$12+'[14]1'!$E$19+'[15]1'!$E$11 -> 1220 | H10: =G10+'r'!H10 -> 1220 | I10: =H10+yc!I10 -> 918747.17 | J10: ='[10]1'!$I$25+'[11]1'!$I$20+'[12]1'!$I$21+'[13]1'!$I$28+'[14]1'!$E$27+'[14]1'!$E$34+'[15]1'!$H$11 -> 3341 | K10: =J10+'r'!K10 -> 3341 | L10: =K10+yc!L10 -> 900569.72 | M10: ='[10]1'!$L$25+'[11]1'!$L$20+'[12]1'!$L$21+'[13]1'!$L$28+'[14]1'!$H$27+'[14]1'!$H$34+'[15]1'!$K$11 -> 59085.942 | Q10: 水泥磨4 | R10: ='[10]1'!$W$110 -> 0 | S10: ='[10]1'!$X$110 -> 0 | T10: ='[10]1'!$Y$110 -> 268.85089 | U10: ='[10]1'!$T$110 -> 0 | V10: ='[10]1'!$U$110 -> 0 | W10: ='[10]1'!$V$110 -> 34.378856 | X10: ='[10]1'!$Q$110 -> 0 | Y10: ='[10]1'!$R$110 -> 0 | Z10: ='[10]1'!$S$110 -> 2764.06
C11: P.P32.5R | F11: ='[10]1'!$D$26+'[11]1'!$D$21+'[12]1'!$D$19+'[13]1'!$D$29+'[14]1'!$D$13+'[14]1'!$D$20 -> 0 | G11: ='[10]1'!$E$26+'[11]1'!$E$21+'[12]1'!$E$19+'[13]1'!$E$29+'[14]1'!$E$13+'[14]1'!$E$20 -> 0 | H11: =G11+'r'!H11 -> 0 | I11: =H11+yc!I11 -> 0 | J11: ='[10]1'!$I$26+'[11]1'!$I$21+'[12]1'!$I$19+'[13]1'!$I$29+'[14]1'!$E$28+'[14]1'!$E$35 -> 0 | K11: =J11+'r'!K11 -> 0 | L11: =K11+yc!L11 -> 0 | M11: ='[10]1'!$L$26+'[11]1'!$L$21+'[12]1'!$L$19+'[13]1'!$L$29+'[14]1'!$H$28+'[14]1'!$H$35 -> 0 | Q11: 德化1#
B12: 熟 料 | C12: 进厂 | D12: 自产 | E12: =E22+E32+E42+E52 -> 538000 | F12: =F22+F32+F42+F52+F62+F69 -> 374372.6 | G12: =G22+G32+G42+G52 -> 8314 | H12: =G12+'r'!H12 -> 8314 | I12: =H12+yc!I12 -> 4950705.2 | J12: =J22+J32+J42+J52+J62+J69 -> 14841.468 | K12: =J12+'r'!K12 -> 14841.468 | L12: =K12+yc!L12 -> 5043947.8 | M12: =M22+M32+M42+M52+M62+M69 -> 367178.24 | N12: =M12/439000*100 -> 83.63969 | Q12: 德化2# | R12: ='[16]1'!$W$40 -> 0 | S12: ='[16]1'!$X$40 -> 0 | T12: ='[16]1'!$Y$40 -> 0 | U12: ='[16]1'!$T$40 -> 0 | V12: ='[16]1'!$U$40 -> 0 | W12: ='[16]1'!$V$40 -> 0 | X12: ='[16]1'!$Q$40 -> 0 | Y12: ='[16]1'!$R$40 -> 0 | Z12: ='[16]1'!$S$40 -> 0
D13: 外购 | E13: =E23+E33+E43+E53+E63+E70 -> 0 | F13: =F23+F33+F43+F53+F63+F70 -> -2.0037305e-12 | G13: =G23+G33+G43+G53+G63+G70 -> 0 | H13: =G13+'r'!H13 -> 0 | I13: =H13+yc!I13 -> 0 | J13: =J23+J33+J43+J53+J63+J70 -> 0 | K13: =J13+'r'!K13 -> 0 | L13: =K13+yc!L13 -> 0 | M13: =M23+M33+M43+M53+M63+M70 -> -2.0037305e-12 | N13: =(M12+M13)/(315000+80000+150000)*100 -> 67.372154 | P13: 永安建福 | Q13: 回转窑 | R13: ='[11]1'!$W$68 -> 277.46032 | S13: ='[11]1'!$X$68 -> 277.46032 | T13: ='[11]1'!$Y$68 -> 266.39434 | U13: ='[11]1'!$T$68 -> 26.25 | V13: ='[11]1'!$U$68 -> 26.25 | W13: ='[11]1'!$V$68 -> 71.415796 | X13: ='[11]1'!$Q$68 -> 6.30 | Y13: ='[11]1'!$R$68 -> 6.30 | Z13: ='[11]1'!$S$68 -> 5741.83
C14: 出厂 | D14: 权属调拨 | E14: =E24+E34+E44+E54 -> 0 | F14: =F24+F34+F44+F54 -> 0 | G14: =G24+G34+G44+G54+G62 -> 0 | H14: =G14+'r'!H14 -> 0 | I14: =H14+yc!I14 -> 964543.68 | J14: =J24+J34+J44+J54+J62 -> 5189.246 | K14: =J14+'r'!K14 -> 5189.246 | L14: =K14+yc!L14 -> 1798133.4 | M14: =M24+M34+M44+M54 -> 67564.78 | Q14: 水泥磨A1 | R14: ='[11]1'!$W$71 -> 200.375 | S14: ='[11]1'!$X$71 -> 200.375 | T14: ='[11]1'!$Y$71 -> 213.47447 | U14: ='[11]1'!$T$71 -> 33.333333 | V14: ='[11]1'!$U$71 -> 33.333333 | W14: ='[11]1'!$V$71 -> 50.180348 | X14: ='[11]1'!$Q$71 -> 8.00 | Y14: ='[11]1'!$R$71 -> 8.00 | Z14: ='[11]1'!$S$71 -> 4034.50
D15: 外发熟料 | E15: =E25+E35+E45+E55 -> 0 | F15: =F25+F35+F45+F55 -> 0 | G15: =G25+G35+G45+G55 -> 0 | H15: =G15+'r'!H15 -> 0 | I15: =H15+yc!I15 -> 0 | J15: =J25+J35+J45+J55 -> 473.78 | K15: =J15+'r'!K15 -> 473.78 | L15: =K15+yc!L15 -> 115230.28 | Q15: 水泥磨D1 | R15: ='[11]1'!$W$72 -> 62.375 | S15: ='[11]1'!$X$72 -> 62.375 | T15: ='[11]1'!$Y$72 -> 61.286398 | U15: ='[11]1'!$T$72 -> 33.333333 | V15: ='[11]1'!$U$72 -> 33.333333 | W15: ='[11]1'!$V$72 -> 50.702736 | X15: ='[11]1'!$Q$72 -> 8.00 | Y15: ='[11]1'!$R$72 -> 8.00 | Z15: ='[11]1'!$S$72 -> 4076.50
B16: 总销量 | E16: =E26+E36+E46+E56+E64+E71 -> 0 | G16: =G26+G36+G46+G56+G64+G71 -> 0 | H16: =G16+'r'!H16 -> 0 | I16: =H16+yc!I16 -> 0 | J16: =J26+J36+J46+J56+J64+J71+J75 -> 0 | K16: =J16+'r'!K16 -> 0 | L16: =K16+yc!L16 -> 0 | Q16: 水泥磨D2 | R16: ='[11]1'!$W$73 -> 63.25 | S16: ='[11]1'!$X$73 -> 63.25 | T16: ='[11]1'!$Y$73 -> 62.917319 | U16: ='[11]1'!$T$73 -> 33.333333 | V16: ='[11]1'!$U$73 -> 33.333333 | W16: ='[11]1'!$V$73 -> 52.291294 | X16: ='[11]1'!$Q$73 -> 8.00 | Y16: ='[11]1'!$R$73 -> 8.00 | Z16: ='[11]1'!$S$73 -> 4204.22
B17: 水泥销售量 | E17: =E27+E37+E47+E57+E65+E72+E83 -> 650000 | G17: =G27+G37+G47+G57+G65+G72 -> 0 | H17: =G17+'r'!H17 -> 0 | I17: =H17+yc!I17 -> 0 | J17: =J27+J37+J47+J57+J65+J72+J76 -> 0 | K17: =J17+'r'!K17 -> 0 | L17: =K17+yc!L17 -> 0 | P17: 金银湖水泥 | Q17: 回转窑 | R17: ='[12]1'!$W$71 -> 0 | S17: ='[12]1'!$X$71 -> 0 | T17: ='[12]1'!$Y$71 -> 0 | U17: ='[12]1'!$T$71 -> 0 | V17: ='[12]1'!$U$71 -> 0 | W17: ='[12]1'!$V$71 -> 0 | X17: ='[12]1'!$Q$71 -> 0 | Y17: ='[12]1'!$R$71 -> 0 | Z17: ='[12]1'!$S$71 -> 0
B18: 其 中 | C18: 袋装 | E18: =E28+E38+E48+E58+E66+E73 -> 0 | G18: =G28+G38+G48+G58+G66+G73 -> 0 | H18: =G18+'r'!H18 -> 0 | I18: =H18+yc!I18 -> 0 | J18: =J28+J38+J48+J58+J66+J73 -> 0 | K18: =J18+'r'!K18 -> 0 | L18: =K18+yc!L18 -> 0 | Q18: 水泥磨1 | R18: ='[12]1'!$W$74 -> 0 | S18: ='[12]1'!$X$74 -> 0 | T18: ='[12]1'!$Y$74 -> 222.40493 | U18: ='[12]1'!$T$74 -> 0 | V18: ='[12]1'!$U$74 -> 0 | W18: ='[12]1'!$V$74 -> 6.9891791 | X18: ='[12]1'!$Q$74 -> 0 | Y18: ='[12]1'!$R$74 -> 0 | Z18: ='[12]1'!$S$74 -> 561.93
C19: 散装 | E19: =E29+E39+E49+E59+E67+E74 -> 0 | G19: =G29+G39+G49+G59+G67+G74 -> 0 | H19: =G19+'r'!H19 -> 0 | I19: =H19+yc!I19 -> 0 | J19: =J29+J39+J49+J59+J67+J74+J78 -> 0 | K19: =J19+'r'!K19 -> 0 | L19: =K19+yc!L19 -> 0 | P19: 顺昌炼石 | Q19: 回转窑1 | R19: ='[13]1'!$W$72 -> 1e-05 | S19: ='[13]1'!$X$72 -> 1e-05 | T19: ='[13]1'!$Y$72 -> 9.0935673e-06 | U19: ='[13]1'!$T$72 -> 4.1666667e-06 | V19: ='[13]1'!$U$72 -> 4.1666667e-06 | W19: ='[13]1'!$V$72 -> 4.2537313e-06 | X19: ='[13]1'!$Q$72 -> 1e-06 | Y19: ='[13]1'!$R$72 -> 1e-06 | Z19: ='[13]1'!$S$72 -> 0.000342
B20: 商品熟料 | E20: =E30+E40+E50+E60 -> 0 | G20: =G30+G40+G50+G60 -> 0 | H20: =G20+'r'!H20 -> 0 | I20: =H20+yc!I20 -> 0 | J20: =J30+J40+J50+J60 -> 0 | K20: =J20+'r'!K20 -> 0 | L20: =K20+yc!L20 -> 0 | Q20: 回转窑2 | R20: ='[13]1'!$W$73 -> 1e-05 | S20: ='[13]1'!$X$73 -> 1e-05 | T20: ='[13]1'!$Y$73 -> 239.29986 | U20: ='[13]1'!$T$73 -> 4.1666667e-06 | V20: ='[13]1'!$U$73 -> 4.1666667e-06 | W20: ='[13]1'!$V$73 -> 71.912069 | X20: ='[13]1'!$Q$73 -> 1e-06 | Y20: ='[13]1'!$R$73 -> 1e-06 | Z20: ='[13]1'!$S$73 -> 5781.7303
A21: 安砂建福 | B21: 水泥生产/出厂 | E21: 190000 | F21: ='[10]1'!$D$22 -> 83053.31 | G21: ='[10]1'!$E$22 -> 5445 | H21: =G21+'r'!H21 -> 5445 | I21: =H21+yc!I21 -> 2114883 | J21: ='[10]1'!$I$22 -> 7024.6 | K21: =J21+'r'!K21 -> 7024.6 | L21: =K21+yc!L21 -> 2073478.6 | M21: ='[10]1'!$L$22 -> 81473.71 | N21: =M21/47000*100 -> 173.34832 | Q21: 水泥磨3 | R21: ='[13]1'!$W$81 -> 264.20228 | S21: ='[13]1'!$X$81 -> 264.20228 | T21: ='[13]1'!$Y$81 -> 275.64019 | U21: ='[13]1'!$T$81 -> 42.707176 | V21: ='[13]1'!$U$81 -> 42.707176 | W21: ='[13]1'!$V$81 -> 36.144441 | X21: ='[13]1'!$Q$81 -> 10.249722 | Y21: ='[13]1'!$R$81 -> 10.249722 | Z21: ='[13]1'!$S$81 -> 2906.0131
B22: 熟 料 | C22: 进厂 | D22: 自产 | E22: 163000 | F22: ='[10]1'!$D$17 -> 189966.35 | G22: ='[10]1'!$E$17 -> 6566 | H22: =G22+'r'!H22 -> 6566 | I22: =H22+yc!I22 -> 2037547 | J22: ='[10]1'!$I$17 -> 6014.25 | K22: =J22+'r'!K22 -> 6014.25 | L22: =K22+yc!L22 -> 1897475.6 | M22: ='[10]1'!$L$17 -> 190518.1 | N22: =(M22+M23)/(50000+150000)*100 -> 95.259051 | Q22: 水泥磨1 | R22: ='[13]1'!$W$79 -> 105.51478 | S22: ='[13]1'!$X$79 -> 105.51478 | T22: ='[13]1'!$Y$79 -> 102.27439 | U22: ='[13]1'!$T$79 -> 67.012731 | V22: ='[13]1'!$U$79 -> 67.012731 | W22: ='[13]1'!$V$79 -> 45.443308 | X22: ='[13]1'!$Q$79 -> 16.083056 | Y22: ='[13]1'!$R$79 -> 16.083056 | Z22: ='[13]1'!$S$79 -> 3653.6419
D23: 外购 | F23: ='[10]1'!$D$20 -> 0 | G23: ='[10]1'!$E$20 -> 0 | H23: =G23+'r'!H23 -> 0 | I23: =H23+yc!I23 -> 0 | J23: ='[10]1'!$I$20 -> 0 | K23: =J23+'r'!K23 -> 0 | L23: =K23+yc!L23 -> 0 | M23: ='[10]1'!$L$21 -> 0 | Q23: 水泥磨2 | R23: ='[13]1'!$W$80 -> 85.25 | S23: ='[13]1'!$X$80 -> 85.25 | T23: ='[13]1'!$Y$80 -> 79.146349 | U23: ='[13]1'!$T$80 -> 33.333333 | V23: ='[13]1'!$U$80 -> 33.333333 | W23: ='[13]1'!$V$80 -> 32.498207 | X23: ='[13]1'!$Q$80 -> 8 | Y23: ='[13]1'!$R$80 -> 8 | Z23: ='[13]1'!$S$80 -> 2612.8558
C24: 出厂 | D24: 权属调拨 | F24: ='[10]1'!$D$21 -> 0 | G24: ='[10]1'!$E$56 -> 0 | H24: =G24+'r'!H24 -> 0 | I24: =H24+yc!I24 -> 0 | J24: ='[10]1'!$I$56 -> 1462.47 | K24: =J24+'r'!K24 -> 1462.47 | L24: =K24+yc!L24 -> 281289 | M24: ='[10]1'!$L$20 -> 0 | P24: 福州炼石 | Q24: 水泥磨1 | R24: ='[14]1'!$R$6 -> 85.333333 | S24: ='[14]1'!$S$6 -> 85.333333 | T24: ='[14]1'!$T$6 -> 86.158999 | U24: ='[14]1'!$O$6 -> 40.625 | V24: ='[14]1'!$P$6 -> 40.625 | W24: ='[14]1'!$Q$6 -> 52.284453 | X24: ='[14]1'!$L$6 -> 9.75 | Y24: ='[14]1'!$M$6 -> 9.75 | Z24: ='[14]1'!$N$6 -> 4203.67
D25: 外发熟料 | G25: ='[10]1'!$E$69 -> 0 | H25: =G25+'r'!H25 -> 0 | I25: =H25+yc!I25 -> 0 | J25: ='[10]1'!$I$69 -> 473.78 | K25: =J25+'r'!K25 -> 473.78 | L25: =K25+yc!L25 -> 79794.63 | Q25: 水泥磨2 | R25: ='[14]1'!$R$7 -> 192 | S25: ='[14]1'!$S$7 -> 192 | T25: ='[14]1'!$T$7 -> 187.58212 | U25: ='[14]1'!$O$7 -> 40.625 | V25: ='[14]1'!$P$7 -> 40.625 | W25: ='[14]1'!$Q$7 -> 50.153358 | X25: ='[14]1'!$L$7 -> 9.75 | Y25: ='[14]1'!$M$7 -> 9.75 | Z25: ='[14]1'!$N$7 -> 4032.33
B26: 总销量 | H26: =G26+'r'!H26 -> 0 | I26: =H26+yc!I26 -> 0 | J26: =J27+J30 -> 0 | K26: =J26+'r'!K26 -> 0 | L26: =K26+yc!L26 -> 0 | P26: 宁德建福 | Q26: 水泥磨2 | R26: ='[15]1'!$I$38 -> 0 | S26: ='[15]1'!$J$38 -> 0 | T26: ='[15]1'!$K$38 -> 0 | U26: ='[15]1'!$F$38 -> 0 | V26: ='[15]1'!$G$38 -> 0 | W26: ='[15]1'!$H$38 -> 0 | X26: ='[15]1'!$C$38 -> 0 | Y26: ='[15]1'!$D$38 -> 0 | Z26: ='[15]1'!$E$38 -> 0
B27: 水泥销售量 | E27: 190000 | H27: =G27+'r'!H27 -> 0 | I27: =H27+yc!I27 -> 0 | J27: =SUM(J28:J29) -> 0 | K27: =J27+'r'!K27 -> 0 | L27: =K27+yc!L27 -> 0 | O27: 余热发电 | P27: 永安建福 | R27: ='[11]1'!$W$69 -> 22.311785 | S27: ='[11]1'!$X$69 -> 22.311785 | T27: ='[11]1'!$Y$69 -> 25.371763 | U27: ='[11]1'!$T$69 -> 26.375 | V27: ='[11]1'!$U$69 -> 26.375 | W27: ='[11]1'!$V$69 -> 68.249005 | X27: ='[11]1'!$Q$69 -> 6.33 | Y27: ='[11]1'!$R$69 -> 6.33 | Z27: ='[11]1'!$S$69 -> 5487.22
B28: 其 中 | C28: 袋装 | H28: =G28+'r'!H28 -> 0 | I28: =H28+yc!I28 -> 0 | K28: =J28+'r'!K28 -> 0 | L28: =K28+yc!L28 -> 0 | P28: 安砂建福1# | R28: ='[10]1'!$W$104 -> 28.510509 | S28: ='[10]1'!$X$104 -> 28.510509 | T28: ='[10]1'!$Y$104 -> 25.955902 | U28: ='[10]1'!$T$104 -> 100 | V28: ='[10]1'!$U$104 -> 100 | W28: ='[10]1'!$V$104 -> 64.478234 | X28: ='[10]1'!$Q$104 -> 24 | Y28: ='[10]1'!$R$104 -> 24 | Z28: ='[10]1'!$S$104 -> 5184.05
C29: 散装 | H29: =G29+'r'!H29 -> 0 | I29: =H29+yc!I29 -> 0 | K29: =J29+'r'!K29 -> 0 | L29: =K29+yc!L29 -> 0 | P29: 安砂建福2# | R29: ='[10]1'!$W$105 -> 0 | S29: ='[10]1'!$X$105 -> 0 | T29: ='[10]1'!$Y$105 -> 29.934238 | U29: ='[10]1'!$T$105 -> 0 | V29: ='[10]1'!$U$105 -> 0 | W29: ='[10]1'!$V$105 -> 34.877886 | X29: ='[10]1'!$Q$105 -> 0 | Y29: ='[10]1'!$R$105 -> 0 | Z29: ='[10]1'!$S$105 -> 2804.182
B30: 商品熟料 | H30: =G30+'r'!H30 -> 0 | I30: =H30+yc!I30 -> 0 | K30: =J30+'r'!K30 -> 0 | L30: =K30+yc!L30 -> 0 | P30: 金银湖水泥 | R30: ='[12]1'!$W$72 -> 0 | S30: ='[12]1'!$X$72 -> 0 | T30: ='[12]1'!$Y$72 -> 0 | U30: ='[12]1'!$T$72 -> 0 | V30: ='[12]1'!$U$72 -> 0 | W30: ='[12]1'!$V$72 -> 0 | X30: ='[12]1'!$Q$72 -> 0 | Y30: ='[12]1'!$R$72 -> 0 | Z30: ='[12]1'!$S$72 -> 0
A31: 永安建福 | B31: 水泥生产/出厂 | E31: 150000 | F31: ='[11]1'!$D$16 -> 65429.37 | G31: ='[11]1'!$E$16 -> 2608 | H31: =G31+'r'!H31 -> 2608 | I31: =H31+yc!I31 -> 1375615 | J31: ='[11]1'!$I$16 -> 6233.6 | K31: =J31+'r'!K31 -> 6233.6 | L31: =K31+yc!L31 -> 1362281.7 | M31: ='[11]1'!$L$16 -> 61803.77 | N31: =M31/75000*100 -> 82.405027
B32: 熟 料 | C32: 进厂 | D32: 自产 | E32: 200000 | F32: ='[11]1'!$D$13 -> 60437.506 | G32: ='[11]1'!$E$13 -> 1748 | H32: =G32+'r'!H32 -> 1748 | I32: =H32+yc!I32 -> 1529591 | J32: ='[11]1'!$I$13 -> 1990 | K32: =J32+'r'!K32 -> 1990 | L32: =K32+yc!L32 -> 1023468 | M32: ='[11]1'!$L$13 -> 59528.616 | N32: =(M32+M33)/50000*100 -> 119.05723 | P32: 顺昌炼石1# | R32: ='[13]1'!$W$76 -> #DIV/0! | S32: ='[13]1'!$X$76 -> #DIV/0! | T32: ='[13]1'!$Y$76 -> 0 | U32: ='[13]1'!$T$76 -> 0 | V32: ='[13]1'!$U$76 -> 0 | W32: ='[13]1'!$V$76 -> 4.1044776e-11 | X32: ='[13]1'!$Q$76 -> 0 | Y32: ='[13]1'!$R$76 -> 0 | Z32: ='[13]1'!$S$76 -> 3.3e-09
D33: 外购 | G33: ='[11]1'!$E$14 -> 0 | H33: =G33+'r'!H33 -> 0 | I33: =H33+yc!I33 -> 0 | J33: ='[11]1'!$I$14 -> 0 | K33: =J33+'r'!K33 -> 0 | L33: =K33+yc!L33 -> 0 | M33: ='[11]1'!$L$14 -> 0 | P33: 顺昌炼石2# | R33: ='[13]1'!$W$77 -> 0 | S33: ='[13]1'!$X$77 -> 0 | T33: ='[13]1'!$Y$77 -> 19.77 | U33: ='[13]1'!$T$77 -> 4.1666667e-11 | V33: ='[13]1'!$U$77 -> 4.1666667e-11 | W33: ='[13]1'!$V$77 -> 62.933085 | X33: ='[13]1'!$Q$77 -> 1e-11 | Y33: ='[13]1'!$R$77 -> 1e-11 | Z33: ='[13]1'!$S$77 -> 5059.82
C34: 出厂 | D34: 权属调拨 | G34: ='[11]1'!$E$50 -> 0 | H34: =G34+'r'!H34 -> 0 | I34: =H34+yc!I34 -> 0 | J34: ='[11]1'!$I$50 -> 666.89 | K34: =J34+'r'!K34 -> 666.89 | L34: =K34+yc!L34 -> 467869.82 | M34: ='[11]1'!$L$15 -> 0
D35: 外发熟料 | G35: ='[11]1'!$E$64 -> 0 | H35: =G35+'r'!H35 -> 0 | I35: =H35+yc!I35 -> 0 | J35: ='[11]1'!$I$64 -> 0 | K35: =J35+'r'!K35 -> 0 | L35: =K35+yc!L35 -> 0
B36: 总销量 | H36: =G36+'r'!H36 -> 0 | I36: =H36+yc!I36 -> 0 | J36: =J37+J40 -> 0 | K36: =J36+'r'!K36 -> 0 | L36: =K36+yc!L36 -> 0 | P36: 材料名称 | R36: 计划 | S36: 期初库存 | T36: 日进厂 | U36: 月累 进厂 | V36: 年累 进厂 | W36: 日消耗 | X36: 月累消耗 | Y36: 年累消耗 | Z36: 期末库存
B37: 水泥销售量 | E37: 150000 | H37: =G37+'r'!H37 -> 0 | I37: =H37+yc!I37 -> 0 | J37: =SUM(J38:J39) -> 0 | K37: =J37+'r'!K37 -> 0 | L37: =K37+yc!L37 -> 0 | O37: 主 要 原 燃 材 料 动 态 | P37: 安砂建福 | Q37: 无烟煤 | R37: ='[10]1'!$P$7 -> 0 | S37: ='[10]1'!$Q$7 -> 0 | T37: ='[10]1'!$R$7 -> 0 | U37: =T37+'r'!U38 -> 0 | V37: =U37+yc!V37 -> 0 | W37: ='[10]1'!$V$7 -> 0 | X37: =W37+'r'!X38 -> 0 | Y37: =X37+yc!Y37 -> 0 | Z37: ='[10]1'!$Y$7 -> 0
B38: 其 中 | C38: 袋装 | H38: =G38+'r'!H38 -> 0 | I38: =H38+yc!I38 -> 0 | K38: =J38+'r'!K38 -> 0 | L38: =K38+yc!L38 -> 0 | Q38: 烟煤 | R38: ='[10]1'!$P$10 -> 0 | S38: ='[10]1'!$Q$10 -> 9645.331 | T38: ='[10]1'!$R$10 -> 769.18 | U38: =T38+'r'!U39 -> 769.18 | V38: =U38+yc!V38 -> 259908.9 | W38: ='[10]1'!$V$10 -> 821 | X38: =W38+'r'!X39 -> 821 | Y38: =X38+yc!Y38 -> 256928 | Z38: ='[10]1'!$Y$10 -> 9593.511
C39: 散装 | H39: =G39+'r'!H39 -> 0 | I39: =H39+yc!I39 -> 0 | K39: =J39+'r'!K39 -> 0 | L39: =K39+yc!L39 -> 0 | Q39: 石膏 | R39: ='[10]1'!$P$50 -> 0 | S39: ='[10]1'!$Q$50 -> 1231.546 | T39: ='[10]1'!$R$50 -> 363.32 | U39: =T39+'r'!U40 -> 363.32 | V39: =U39+yc!V39 -> 79176.919 | W39: ='[10]1'!$V$50 -> 241 | X39: =W39+'r'!X40 -> 241 | Y39: =X39+yc!Y39 -> 79000 | Z39: ='[10]1'!$Y$50 -> 1353.866
B40: 商品熟料 | H40: =G40+'r'!H40 -> 0 | I40: =H40+yc!I40 -> 0 | K40: =J40+'r'!K40 -> 0 | L40: =K40+yc!L40 -> 0 | Q40: 铁粉 | R40: ='[10]1'!$P$44 -> 0 | S40: ='[10]1'!$Q$44 -> 0 | T40: ='[10]1'!$R$44 -> 0 | U40: ='[10]1'!$S$44 -> 0 | V40: ='[10]1'!$T$44 -> 0 | W40: ='[10]1'!$V$44 -> 0 | X40: ='[10]1'!$W$44 -> 0 | Y40: ='[10]1'!$X$44 -> 0 | Z40: ='[10]1'!$Y$44 -> 0
A41: 金银湖水泥 | B41: 水泥生产/出厂 | E41: 12000 | F41: ='[12]1'!$D$16 -> 26129.76 | G41: ='[12]1'!$E$16 -> 0 | H41: =G41+'r'!H51 -> 0 | I41: =H41+yc!I41 -> 124976 | J41: ='[12]1'!$I$16 -> 419.5 | K41: =J41+'r'!K51 -> 419.5 | L41: =K41+yc!L41 -> 121813.04 | M41: ='[12]1'!$L$16 -> 25710.26 | N41: =M41/30000*100 -> 85.700867 | P41: 永安建福 | Q41: 无烟煤 | R41: ='[11]1'!$P$7 -> 0 | S41: ='[11]1'!$Q$7 -> 0.621 | T41: ='[11]1'!$R$7 -> 0 | U41: =T41+'r'!U42 -> 0 | V41: =U41+yc!V41 -> 0.621 | W41: ='[11]1'!$V$7 -> 0 | X41: =W41+'r'!X42 -> 0 | Y41: =X41+yc!Y41 -> 9.4591002e-14 | Z41: ='[11]1'!$Y$7 -> 0.621
B42: 熟 料 | C42: 进厂 | D42: 自产 | E42: 0 | F42: ='[12]1'!$D$13 -> 0 | G42: ='[12]1'!$E$13 -> 0 | H42: =G42+'r'!H52 -> 0 | I42: =H42+yc!I42 -> 0 | J42: ='[12]1'!$I$13 -> 0 | K42: =J42+'r'!K52 -> 0 | L42: =K42+yc!L42 -> 0 | M42: ='[12]1'!$L$13 -> 0 | N42: =(M42+M43)/50000*100 -> 0 | Q42: 烟煤 | R42: ='[11]1'!$P$8 -> 14000 | S42: ='[11]1'!$Q$8 -> 8478.836 | T42: ='[11]1'!$R$8 -> 0 | U42: =T42+'r'!U43 -> 0 | V42: =U42+yc!V42 -> 207586.97 | W42: ='[11]1'!$V$8 -> 221 | X42: =W42+'r'!X43 -> 221 | Y42: =X42+yc!Y42 -> 202692 | Z42: ='[11]1'!$Y$8 -> 8257.836
D43: 外购 | F43: ='[12]1'!$D$14 -> 0 | G43: ='[12]1'!$E$14 -> 0 | H43: =G43+'r'!H53 -> 0 | I43: =H43+yc!I43 -> 0 | J43: ='[12]1'!$I$14 -> 0 | K43: =J43+'r'!K53 -> 0 | L43: =K43+yc!L43 -> 0 | M43: ='[12]1'!$L$14 -> 0 | Q43: 混合煤
C44: 出厂 | D44: 权属调拨 | G44: ='[12]1'!$E$44 -> 0 | H44: =G44+'r'!H54 -> 0 | I44: =H44+yc!I44 -> 128550.22 | J44: ='[12]1'!$I$44 -> 0 | K44: =J44+'r'!K54 -> 0 | L44: =K44+yc!L44 -> 0 | M44: ='[12]1'!$L$15 -> 67564.78 | Q44: 石膏 | R44: ='[11]1'!$P$29 -> 8000 | S44: ='[11]1'!$Q$29 -> 2299.457 | T44: ='[11]1'!$R$29 -> 0 | U44: =T44+'r'!U45 -> 0 | V44: =U44+yc!V44 -> 64753.168 | W44: ='[11]1'!$V$29 -> 102 | X44: =W44+'r'!X45 -> 102 | Y44: =X44+yc!Y44 -> 66512 | Z44: ='[11]1'!$Y$29 -> 2197.457
D45: 外发熟料 | G45: ='[12]1'!$E$55 -> 0 | H45: =G45+'r'!H55 -> 0 | I45: =H45+yc!I45 -> 0 | J45: ='[12]1'!$I$55 -> 0 | K45: =J45+'r'!K55 -> 0 | L45: =K45+yc!L45 -> 0 | Q45: 铁粉 | R45: ='[11]1'!$P$23 -> 0 | S45: ='[11]1'!$Q$23 -> 0 | T45: ='[11]1'!$R$23 -> 0 | U45: ='[11]1'!$S$23 -> 0 | V45: ='[11]1'!$T$23 -> 1.329 | W45: ='[11]1'!$V$23 -> 0 | X45: ='[11]1'!$W$23 -> 0 | Y45: ='[11]1'!$X$23 -> 1.329 | Z45: ='[11]1'!$Y$23 -> 0
B46: 总销量 | H46: =G46+'r'!H56 -> 0 | I46: =H46+yc!I46 -> 0 | J46: =J47+J50 -> 0 | K46: =J46+'r'!K56 -> 0 | L46: =K46+yc!L46 -> 0 | P46: 金银湖水泥 | Q46: 无烟煤 | R46: ='[12]1'!$P$7 -> 0 | S46: ='[12]1'!$Q$7 -> 0 | T46: ='[12]1'!$R$7 -> 0 | U46: =T46+'r'!U51 -> 0 | V46: =U46+yc!V46 -> 0 | W46: ='[12]1'!$V$7 -> 0 | X46: =W46+'r'!X51 -> 0 | Y46: =X46+yc!Y46 -> 0 | Z46: ='[12]1'!$Y$7 -> 0
B47: 水泥销售量 | E47: 12000 | H47: =G47+'r'!H57 -> 0 | I47: =H47+yc!I47 -> 0 | J47: =SUM(J48:J49) -> 0 | K47: =J47+'r'!K57 -> 0 | L47: =K47+yc!L47 -> 0 | Q47: 烟煤 | R47: ='[12]1'!$P$8 -> 0 | S47: ='[12]1'!$Q$8 -> 0 | T47: ='[12]1'!$R$8 -> 0 | U47: =T47+'r'!U52 -> 0 | V47: =U47+yc!V47 -> 0 | W47: ='[12]1'!$V$8 -> 0 | X47: =W47+'r'!X52 -> 0 | Y47: =X47+yc!Y47 -> 0 | Z47: ='[12]1'!$Y$8 -> 0
B48: 其 中 | C48: 袋装 | H48: =G48+'r'!H58 -> 0 | I48: =H48+yc!I48 -> 0 | K48: =J48+'r'!K58 -> 0 | L48: =K48+yc!L48 -> 0 | Q48: 石膏 | R48: ='[12]1'!$P$34 -> 0 | S48: ='[12]1'!$Q$34 -> 1585.503 | T48: ='[12]1'!$R$34 -> 0 | U48: =T48+'r'!U53 -> 0 | V48: =U48+yc!V48 -> 6026.53 | W48: ='[12]1'!$V$8 -> 0 | X48: =W48+'r'!X53 -> 0 | Y48: =X48+yc!Y48 -> 0 | Z48: ='[12]1'!$Y$8 -> 0
C49: 散装 | H49: =G49+'r'!H59 -> 0 | I49: =H49+yc!I49 -> 0 | K49: =J49+'r'!K59 -> 0 | L49: =K49+yc!L49 -> 0 | P49: 顺昌炼石 | Q49: 烟煤 | R49: ='[13]1'!$P$8 -> 15340 | S49: ='[13]1'!$Q$8 -> 10593.625 | T49: ='[13]1'!$R$8 -> 0 | U49: =T49+'r'!U54 -> 0 | V49: =U49+yc!V49 -> 179888.95 | W49: ='[13]1'!$V$8 -> 0 | X49: =W49+'r'!X54 -> 0 | Y49: =X49+yc!Y49 -> 176530.34 | Z49: ='[13]1'!$Y$8 -> 10593.625
B50: 商品熟料 | H50: =G50+'r'!H60 -> 0 | I50: =H50+yc!I50 -> 0 | K50: =J50+'r'!K60 -> 0 | L50: =K50+yc!L50 -> 0 | Q50: 无烟煤 | R50: ='[13]1'!$P$7 -> 200 | S50: ='[13]1'!$Q$7 -> 0 | T50: ='[13]1'!$R$7 -> 0 | U50: =T50+'r'!U55 -> 0 | V50: =U50+yc!V50 -> 0 | W50: ='[13]1'!$V$7 -> 0 | X50: =W50+'r'!X55 -> 0 | Y50: =X50+yc!Y50 -> 0 | Z50: ='[13]1'!$Y$7 -> 0
A51: 顺昌炼石 | B51: 水泥生产/出厂 | E51: 160000 | F51: ='[13]1'!$D$24 -> 48852.684 | G51: ='[13]1'!$E$24 -> 5087 | H51: =G51+'r'!H61 -> 5087 | I51: =H51+yc!I51 -> 1381486 | J51: ='[13]1'!$I$24 -> 5187.95 | K51: =J51+'r'!K61 -> 5187.95 | L51: =K51+yc!L51 -> 1368311.9 | M51: ='[13]1'!$L$24 -> 48751.734 | N51: =M51/45000*100 -> 108.33719 | Q51: 石膏 | R51: ='[13]1'!$P$30 -> 8550 | S51: ='[13]1'!$Q$30 -> 3251.374 | T51: ='[13]1'!$R$30 -> 268.38 | U51: =T51+'r'!U56 -> 268.38 | V51: =U51+yc!V51 -> 63266.851 | W51: ='[13]1'!$V$30 -> 233.508 | X51: =W51+'r'!X56 -> 233.508 | Y51: =X51+yc!Y51 -> 60849.745 | Z51: ='[13]1'!$Y$30 -> 3286.246
B52: 熟 料 | C52: 进厂 | D52: 自产 | E52: 175000 | F52: ='[13]1'!$D$19 -> 105046.44 | G52: ='[13]1'!$E$19 -> 2e-11 | H52: =G52+'r'!H62 -> 2e-11 | I52: =H52+yc!I52 -> 1383567.2 | J52: ='[13]1'!$I$19 -> 4885.218 | K52: =J52+'r'!K62 -> 4885.218 | L52: =K52+yc!L52 -> 1286579.4 | M52: ='[13]1'!$L$19 -> 100161.23 | N52: =(M52+M53)/(65000+80000)*100 -> 69.076707 | Q52: 铁粉
D53: 外购 | F53: ='[13]1'!$D$22 -> 0 | G53: ='[13]1'!$E$22 -> 0 | H53: =G53+'r'!H63 -> 0 | I53: =H53+yc!I53 -> 0 | J53: ='[13]1'!$I$22 -> 0 | K53: =J53+'r'!K63 -> 0 | L53: =K53+yc!L53 -> 0 | M53: ='[13]1'!$L$23 -> 0 | P53: 福州炼石 | Q53: 石膏 | S53: ='[14]1'!$M$21+'[14]1'!$M$22+'[14]1'!$M$35 -> 1648.947 | T53: ='[14]1'!$N$21+'[14]1'!$N$22+'[14]1'!$N$35 -> 43.34 | U53: =T53+'r'!U58 -> 43.34 | V53: =U53+yc!V53 -> 38377.767 | W53: ='[14]1'!$Q$21+'[14]1'!$Q$22+'[14]1'!$Q$35 -> 69 | X53: =W53+'r'!X58 -> 69 | Y53: =X53+yc!Y53 -> 39560 | Z53: ='[14]1'!$T$21+'[14]1'!$T$22+'[14]1'!$T$35 -> 1623.287
C54: 出厂 | D54: 权属调拨 | G54: ='[13]1'!$E$23 -> 0 | H54: =G54+'r'!H64 -> 0 | I54: =H54+yc!I54 -> 0 | J54: ='[13]1'!$I$47 -> 1107.886 | K54: =J54+'r'!K64 -> 1107.886 | L54: =K54+yc!L54 -> 212549.74 | M54: ='[13]1'!$L$22 -> 0 | P54: 宁德建福 | Q54: 石膏 | R54: ='[15]1'!$C$43 -> 0 | S54: ='[15]1'!$D$43 -> 467.66 | T54: ='[15]1'!$E$43 -> 0 | U54: =T54+'r'!U58 -> 0 | V54: =U54+yc!V54 -> 0 | W54: ='[15]1'!$H$43 -> 0 | X54: =W54+'r'!X58 -> 0 | Y54: =X54+yc!Y54 -> 0 | Z54: ='[15]1'!$K$43 -> 467.66
D55: 外发熟料 | G55: ='[13]1'!$E$63 -> 0 | H55: =G55+'r'!H65 -> 0 | I55: =H55+yc!I55 -> 0 | J55: ='[13]1'!$I$63 -> 0 | K55: =J55+'r'!K65 -> 0 | L55: =K55+yc!L55 -> 35435.65 | P55: 德化 | Q55: 石膏 | R55: ='[16]1'!$P$7 -> 0 | S55: ='[16]1'!$Q$7 -> 0 | T55: ='[16]1'!$R$7 -> 0 | U55: ='[16]1'!$S$7 -> 0 | V55: ='[16]1'!$T$7 -> 0 | W55: ='[16]1'!$V$7 -> 0 | X55: ='[16]1'!$W$7 -> 0 | Y55: ='[16]1'!$X$7 -> 0 | Z55: ='[16]1'!$Y$7 -> 0
B56: 总销量 | H56: =G56+'r'!H66 -> 0 | I56: =H56+yc!I56 -> 0 | J56: =J57+J60 -> 0 | K56: =J56+'r'!K66 -> 0 | L56: =K56+yc!L56 -> 0 | O56: 设备运行状况 | P56: 安砂建福 | Q56: ='[8]1'!$Q$62 -> 1#窑:正常。2#窑:续停。水泥磨:1#磨：10:00-24:00避峰停机；2#磨：10:00-24:00避峰停机；3#磨：9:20-22:10避峰停机；4#磨：大修续停。
B57: 水泥销售量 | E57: 160000 | H57: =G57+'r'!H67 -> 0 | I57: =H57+yc!I57 -> 0 | J57: =SUM(J58:J59) -> 0 | K57: =J57+'r'!K67 -> 0 | L57: =K57+yc!L57 -> 0
B58: 其 中 | C58: 袋装 | H58: =G58+'r'!H68 -> 0 | I58: =H58+yc!I58 -> 0 | K58: =J58+'r'!K68 -> 0 | L58: =K58+yc!L58 -> 0
C59: 散装 | H59: =G59+'r'!H69 -> 0 | I59: =H59+yc!I59 -> 0 | K59: =J59+'r'!K69 -> 0 | L59: =K59+yc!L59 -> 0 | P59: 永安建福 | Q59: ='[8]1'!$Q$65 -> 窑:6:18-24:00头排变频器进线柜短路多元件损坏停窑（电气）。A组磨：8:00-24:00避峰停机。D1#磨：8:00-24:00避峰停机，D2#磨：8:00-24:00避峰停机。
B60: 商品熟料 | H60: =G60+'r'!H70 -> 0 | I60: =H60+yc!I60 -> 0 | K60: =J60+'r'!K70 -> 0 | L60: =K60+yc!L60 -> 0
A61: 福州炼石 | B61: 水泥生产/出厂 | E61: 120000 | F61: ='[14]1'!$D$6 -> 37769.17 | G61: ='[14]1'!$E$6 -> 2704 | H61: =G61+'r'!H71 -> 2704 | I61: =H61+yc!I61 -> 1118577 | J61: ='[14]1'!$E$21 -> 3242.83 | K61: =J61+'r'!K71 -> 3242.83 | L61: =K61+yc!L61 -> 1104402.9 | M61: ='[14]1'!$H$6 -> 37230.34 | N61: =M61/52000*100 -> 71.596808
B62: 熟料 | D62: 权属调拨 | F62: ='[14]1'!$M$11+'[14]1'!$M$12+'[14]1'!$M$13+'[14]1'!$M$14+'[14]1'!$M$15+'[14]1'!$M$16+'[14]1'!$M$17+'[14]1'!$M$18 -> 18454.634 | G62: ='[14]1'!$N$11+'[14]1'!$N$12+'[14]1'!$N$13+'[14]1'!$N$14+'[14]1'!$N$15+'[14]1'!$N$16+'[14]1'!$N$17+'[14]1'!$N$18 -> 0 | H62: =G62+'r'!H72 -> 0 | I62: =H62+yc!I62 -> 835993.46 | J62: ='[14]1'!$Q$11+'[14]1'!$Q$12+'[14]1'!$Q$13+'[14]1'!$Q$14+'[14]1'!$Q$15+'[14]1'!$Q$16+'[14]1'!$Q$17+'[14]1'!$Q$18 -> 1952 | K62: =J62+'r'!K72 -> 1952 | L62: =K62+yc!L62 -> 836424.8 | M62: ='[14]1'!$T$11+'[14]1'!$T$12+'[14]1'!$T$13+'[14]1'!$T$14+'[14]1'!$T$15+'[14]1'!$T$16+'[14]1'!$T$17+'[14]1'!$T$18 -> 16502.634 | N62: =(M62+M63)/25000*100 -> 66.010536 | P62: 金银湖水泥 | Q62: ='[8]1'!$Q$71 -> 窑:续停。水泥磨:续停。
D63: 外购熟料 | F63: ='[14]1'!$M$19+'[14]1'!$M$20 -> -2.0037305e-12 | G63: ='[14]1'!$N$19+'[14]1'!$N$20 -> 0 | H63: =G63+'r'!H73 -> 0 | I63: =H63+yc!I63 -> 0 | J63: ='[14]1'!$Q$19+'[14]1'!$Q$20 -> 0 | K63: =J63+'r'!K73 -> 0 | L63: =K63+yc!L63 -> 0 | M63: ='[14]1'!$T$19+'[14]1'!$T$20 -> -2.0037305e-12
B64: 总销量 | H64: =G64+'r'!H74 -> 0 | I64: =H64+yc!I64 -> 0 | J64: =J65 -> 0 | K64: =J64+'r'!K74 -> 0 | L64: =K64+yc!L64 -> 0
B65: 水泥销售量 | E65: 120000 | H65: =G65+'r'!H75 -> 0 | I65: =H65+yc!I65 -> 0 | J65: =SUM(J66:J67) -> 0 | K65: =J65+'r'!K75 -> 0 | L65: =K65+yc!L65 -> 0 | P65: 顺昌炼石 | Q65: ='[8]1'!$Q$74 -> 1#窑:续停；2#窑:续停；1#磨:14:30-22:25避峰停机。2#磨:8:00-24:00避峰停机。3#磨:9:45-23:30避峰停机。
B66: 其 中 | C66: 袋装 | H66: =G66+'r'!H76 -> 0 | I66: =H66+yc!I66 -> 0 | K66: =J66+'r'!K76 -> 0 | L66: =K66+yc!L66 -> 0
C67: 散装 | H67: =G67+'r'!H77 -> 0 | I67: =H67+yc!I67 -> 0 | K67: =J67+'r'!K77 -> 0 | L67: =K67+yc!L67 -> 0
A68: 宁德建福 | B68: 水泥生产/出厂 | E68: 0 | F68: ='[15]1'!$D$6 -> 1502.56 | G68: ='[15]1'!$E$6 -> 0 | H68: =G68+'r'!H78 -> 0 | I68: =H68+yc!I68 -> 0 | J68: ='[15]1'!$H$6 -> 0 | K68: =J68+'r'!K78 -> 0 | L68: =K68+yc!L68 -> 0 | M68: ='[15]1'!$K$6 -> 1502.56 | N68: =M68/50000*100 -> 3.00512 | P68: 福州炼石 | Q68: ='[8]1'!$Q$77 -> 1#磨8:00-22:15避峰停机:14.25小时(避峰)。2#磨8:00-22:15避峰停机:14.25小时(避峰)。
B69: 熟料 | D69: 权属调拨 | F69: ='[15]1'!$D$43+'[15]1'!$D$44 -> 467.66 | G69: ='[15]1'!$E$43+'[15]1'!$E$44 -> 0 | H69: =G69+'r'!H79 -> 0 | I69: =H69+yc!I69 -> 0 | J69: ='[15]1'!$H$43+'[15]1'!$H$44 -> 0 | K69: =J69+'r'!K79 -> 0 | L69: =K69+yc!L69 -> 0 | M69: ='[15]1'!$K$43+'[15]1'!$K$44 -> 467.66 | N69: =(M69+M70)/50000*100 -> 0.93532
D70: 外购熟料 | F70: ='[15]1'!$D$45 -> 0 | G70: ='[15]1'!$E$45 -> 0 | H70: =G70+'r'!H80 -> 0 | I70: =H70+yc!I70 -> 0 | J70: ='[15]1'!$H$45 -> 0 | K70: =J70+'r'!K80 -> 0 | L70: =K70+yc!L70 -> 0 | M70: ='[15]1'!$K$45 -> 0
B71: 总销量 | H71: =G71+'r'!H81 -> 0 | I71: =H71+yc!I71 -> 0 | J71: =J72 -> 0 | K71: =J71+'r'!K81 -> 0 | L71: =K71+yc!L71 -> 0 | P71: 宁德建福 | Q71: ='[8]1'!$Q$80 -> 水泥磨:00：00-24:00续停机。
B72: 水泥销售量 | E72: 0 | H72: =G72+'r'!H82 -> 0 | I72: =H72+yc!I72 -> 0 | J72: =SUM(J73:J74) -> 0 | K72: =J72+'r'!K82 -> 0 | L72: =K72+yc!L72 -> 0
B73: 其 中 | C73: 袋装 | H73: =G73+'r'!H83 -> 0 | I73: =H73+yc!I73 -> 0 | K73: =J73+'r'!K83 -> 0 | L73: =K73+yc!L73 -> 0
C74: 散装 | H74: =G74+'r'!H84 -> 0 | I74: =H74+yc!I74 -> 0 | K74: =J74+'r'!K84 -> 0 | L74: =K74+yc!L74 -> 0 | P74: 安砂建福德化 | Q74: ='[8]1'!$Q$83 -> 2#磨：续停。
A75: 中转库 | B75: 总销量 | H75: =G75+'r'!H85 -> 0 | I75: =H75+yc!I75 -> 0 | J75: =J76 -> 0 | K75: =J75+'r'!K85 -> 0 | L75: =K75+yc!L75 -> 0
B76: 水泥销售量 | H76: =G76+'r'!H86 -> 0 | I76: =H76+yc!I76 -> 0 | J76: =SUM(J77:J78) -> 0 | K76: =J76+'r'!K86 -> 0 | L76: =K76+yc!L76 -> 0
B77: 其 中 | C77: 袋装 | H77: =G77+'r'!H87 -> 0 | I77: =H77+yc!I77 -> 0 | K77: =J77+'r'!K87 -> 0 | L77: =K77+yc!L77 -> 0 | O77: 备注
C78: 散装 | H78: =G78+'r'!H88 -> 0 | I78: =H78+yc!I78 -> 0 | K78: =J78+'r'!K88 -> 0 | L78: =K78+yc!L78 -> 0
A79: 安砂建福德化 | B79: 水泥生产/出厂 | E79: 18000 | G79: ='[16]1'!$E$7 -> 682.84 | H79: =G79+'r'!H89 -> 682.84 | I79: =H79+yc!I79 -> 147811.31 | J79: ='[16]1'!$I$7 -> 478 | K79: =J79+'r'!K89 -> 478 | L79: =K79+yc!L79 -> 142369.45 | M79: ='[16]1'!$L$7 -> 5089.62 | N79: =M79/50000*100 -> 10.17924
B80: 熟料 | D80: 权属调拨 | G80: ='[16]1'!$R$15 -> 0 | H80: =G80+'r'!H90 -> 0 | I80: =H80+yc!I80 -> 0 | J80: ='[16]1'!$V$15 -> 0 | K80: =J80+'r'!K90 -> 0 | L80: =K80+yc!L80 -> 0 | M80: ='[16]1'!$Y$15 -> 0 | N80: =(M80+M81)/50000*100 -> 0
D81: 外购熟料 | H81: =G81+'r'!H91 -> 0 | I81: =H81+yc!I81 -> 0 | K81: =J81+'r'!K91 -> 0 | L81: =K81+yc!L81 -> 0
B82: 总销量 | H82: =G82+'r'!H92 -> 0 | I82: =H82+yc!I82 -> 0 | K82: =J82+'r'!K92 -> 0 | L82: =K82+yc!L82 -> 0
B83: 水泥销售量 | E83: 18000 | H83: =G83+'r'!H93 -> 0 | I83: =H83+yc!I83 -> 0 | K83: =J83+'r'!K93 -> 0 | L83: =K83+yc!L83 -> 0
B84: 其 中 | C84: 袋装 | H84: =G84+'r'!H94 -> 0 | I84: =H84+yc!I84 -> 0 | K84: =J84+'r'!K94 -> 0 | L84: =K84+yc!L84 -> 0
C85: 散装 | H85: =G85+'r'!H95 -> 0 | I85: =H85+yc!I85 -> 0 | K85: =J85+'r'!K95 -> 0 | L85: =K85+yc!L85 -> 0
S86: 报出时间： | T86: =NOW() -> 46062.75 | V86: =NOW() -> 46062.75

Sheet 2
A1: 福建水泥股份有限公司生产日报表
A2: 计量单位：吨 | E2: 序时进度 | I2: =2/31 -> 0.064516129 | N2: 45993 | Z2: 表号:福泥运统字001
A3: 项目 | E3: 月计划 | F3: 期初库存 | G3: 日生产/进厂 | H3: 月累计 | I3: 年累计 | J3: 日消耗/出厂 | K3: 月累计 | L3: 年累计 | M3: 期末库存 | N3: 库容率% | O3: 项目 | R3: 台时产量（t/h，kwh/t） | U3: 运转率（%） | X3: 运行时间（h）
R4: 日 | S4: 月 | T4: 年 | U4: 日 | V4: 月 | W4: 年 | X4: 日 | Y4: 月 | Z4: 年
A5: 公司合计 | B5: 水泥生产/出厂 | E5: =E21+E31+E41+E51+E61+E68+E79 -> 650000 | F5: =F21+F31+F41+F51+F61+F68+F79 -> 262736.85 | G5: =G21+G31+G41+G51+G61+G68+G79 -> 16653.7 | H5: =G5+'1'!H5 -> 33180.54 | I5: =H5+yc!I5 -> 6188046.6 | J5: =J21+J31+J41+J51+J61+J68+J79 -> 24297.94 | K5: =J5+'1'!K5 -> 46884.42 | L5: =K5+yc!L5 -> 6196955.6 | M5: =M21+M31+M41+M51+M61+M68+M79 -> 253917.75 | N5: =M5/374000*100 -> 67.892448 | O5: 主机设备运行情况 | P5: 安砂建福 | Q5: 回转窑1 | R5: ='[10]2'!$W$101 -> 274.54167 | S5: ='[10]2'!$X$101 -> 274.0625 | T5: ='[10]2'!$Y$101 -> 260.06653 | U5: ='[10]2'!$T$101 -> 100 | V5: ='[10]2'!$U$101 -> 100 | W5: ='[10]2'!$V$101 -> 64.872507 | X5: ='[10]2'!$Q$101 -> 24 | Y5: ='[10]2'!$R$101 -> 48 | Z5: ='[10]2'!$S$101 -> 5231.319
B6: 其 中 | C6: P.O52.5 | F6: ='[10]2'!$D$23+'[11]2'!$D$17+'[12]2'!$D$17+'[13]2'!$D$25+'[14]2'!$D$8+'[14]2'!$D$15+'[15]2'!$D$7 -> 32112.84 | G6: ='[10]2'!$E$23+'[11]2'!$E$17+'[12]2'!$E$17+'[13]2'!$E$25+'[14]2'!$E$8+'[14]2'!$E$15+'[15]2'!$E$7 -> 0 | H6: =G6+'1'!H6 -> 0 | I6: =H6+yc!I6 -> 276349.96 | J6: ='[10]2'!$I$23+'[11]2'!$I$17+'[12]2'!$I$17+'[13]2'!$I$25+'[14]2'!$E$23+'[14]2'!$E$30+'[15]2'!$H$7 -> 909.78 | K6: =J6+'1'!K6 -> 1777.36 | L6: =K6+yc!L6 -> 263975.06 | M6: ='[10]2'!$L$23+'[11]2'!$L$17+'[12]2'!$L$17+'[13]2'!$L$25+'[14]2'!$H$23+'[14]2'!$H$30+'[15]2'!$K$7 -> 30335.48 | Q6: 回转窑2 | R6: ='[10]2'!$W$102 -> 0 | S6: ='[10]2'!$X$102 -> 0 | T6: ='[10]2'!$Y$102 -> 240.28021 | U6: ='[10]2'!$T$102 -> 0 | V6: ='[10]2'!$U$102 -> 0 | W6: ='[10]2'!$V$102 -> 35.282726 | X6: ='[10]2'!$Q$102 -> 0 | Y6: ='[10]2'!$R$102 -> 0 | Z6: ='[10]2'!$S$102 -> 2845.199
C7: M22.5 | F7: ='[12]2'!$D$22 -> 0 | G7: ='[12]2'!$E$22 -> 0 | H7: =G7+'1'!H7 -> 0 | I7: =H7+yc!I7 -> 0 | J7: ='[12]2'!$I$22 -> 0 | K7: =J7+'1'!K7 -> 0 | L7: =K7+yc!L7 -> 0 | M7: ='[12]2'!$L$22 -> 0 | Q7: 水泥磨1 | R7: ='[10]2'!$W$107 -> 123.7 | S7: ='[10]2'!$X$107 -> 125.85 | T7: ='[10]2'!$Y$107 -> 131.88275 | U7: ='[10]2'!$T$107 -> 41.666667 | V7: ='[10]2'!$U$107 -> 41.666667 | W7: ='[10]2'!$V$107 -> 31.06932 | X7: ='[10]2'!$Q$107 -> 10 | Y7: ='[10]2'!$R$107 -> 20 | Z7: ='[10]2'!$S$107 -> 2505.43
C8: P.042.5R | F8: ='[10]2'!$D$27+'[11]2'!$D$18+'[13]2'!$D$26+'[14]2'!$D$10+'[14]2'!$D$17+'[15]2'!$D$9 -> 41879.9 | G8: ='[10]2'!$E$27+'[11]2'!$E$18+'[13]2'!$E$26+'[14]2'!$E$10+'[14]2'!$E$17+'[15]2'!$E$9 -> 656 | H8: =G8+'1'!H8 -> 2655 | I8: =H8+yc!I8 -> 528191.99 | J8: ='[10]2'!$I$27+'[11]2'!$I$18+'[13]2'!$I$26+'[14]2'!$E$25+'[14]2'!$E$32+'[15]2'!$H$9 -> 2634.96 | K8: =J8+'1'!K8 -> 4988.63 | L8: =K8+yc!L8 -> 512733.34 | M8: ='[10]2'!$L$27+'[11]2'!$L$18+'[13]2'!$L$26+'[14]2'!$H$25+'[14]2'!$H$32+'[15]2'!$K$9 -> 39546.27 | Q8: 水泥磨2 | R8: ='[10]2'!$W$108 -> 128.26087 | S8: ='[10]2'!$X$108 -> 128.7907 | T8: ='[10]2'!$Y$108 -> 127.43751 | U8: ='[10]2'!$T$108 -> 47.916667 | V8: ='[10]2'!$U$108 -> 44.791667 | W8: ='[10]2'!$V$108 -> 27.509301 | X8: ='[10]2'!$Q$108 -> 11.5 | Y8: ='[10]2'!$R$108 -> 21.5 | Z8: ='[10]2'!$S$108 -> 2218.35
C9: P.042.5 | F9: ='[10]2'!$D$24+'[11]2'!$D$19+'[12]2'!$D$20+'[13]2'!$D$27+'[14]2'!$D$11+'[14]2'!$D$18+'[15]2'!$D$10 -> 110865.71 | G9: ='[10]2'!$E$24+'[11]2'!$E$19+'[12]2'!$E$20+'[13]2'!$E$27+'[14]2'!$E$11+'[14]2'!$E$18+'[15]2'!$E$10 -> 10876 | H9: =G9+'1'!H9 -> 22495 | I9: =H9+yc!I9 -> 4157883.9 | J9: ='[10]2'!$I$24+'[11]2'!$I$19+'[12]2'!$I$20+'[13]2'!$I$27+'[14]2'!$E$26+'[14]2'!$E$33+'[15]2'!$H$10 -> 15736.66 | K9: =J9+'1'!K9 -> 30378.69 | L9: =K9+yc!L9 -> 4127857.5 | M9: ='[10]2'!$L$24+'[11]2'!$L$19+'[12]2'!$L$20+'[13]2'!$L$27+'[14]2'!$H$26+'[14]2'!$H$33+'[15]2'!$K$10 -> 102982.02 | Q9: 水泥磨3 | R9: ='[10]2'!$W$109 -> 283.09383 | S9: ='[10]2'!$X$109 -> 270.43478 | T9: ='[10]2'!$Y$109 -> 271.30587 | U9: ='[10]2'!$T$109 -> 49.291667 | V9: ='[10]2'!$U$109 -> 47.916667 | W9: ='[10]2'!$V$109 -> 34.952753 | X9: ='[10]2'!$Q$109 -> 11.83 | Y9: ='[10]2'!$R$109 -> 23 | Z9: ='[10]2'!$S$109 -> 2818.59
C10: M32.5 | F10: ='[10]2'!$D$25+'[11]2'!$D$20+'[12]2'!$D$21+'[13]2'!$D$28+'[14]2'!$D$12+'[14]2'!$D$19+'[15]2'!$D$11 -> 61206.942 | G10: ='[10]2'!$E$25+'[11]2'!$E$20+'[12]2'!$E$21+'[13]2'!$E$28+'[14]2'!$E$12+'[14]2'!$E$19+'[15]2'!$E$11 -> 3349 | H10: =G10+'1'!H10 -> 4569 | I10: =H10+yc!I10 -> 922096.17 | J10: ='[10]2'!$I$25+'[11]2'!$I$20+'[12]2'!$I$21+'[13]2'!$I$28+'[14]2'!$E$27+'[14]2'!$E$34+'[15]2'!$H$11 -> 3539.12 | K10: =J10+'1'!K10 -> 6880.12 | L10: =K10+yc!L10 -> 904108.84 | M10: ='[10]2'!$L$25+'[11]2'!$L$20+'[12]2'!$L$21+'[13]2'!$L$28+'[14]2'!$H$27+'[14]2'!$H$34+'[15]2'!$K$11 -> 58895.822 | Q10: 水泥磨4 | R10: ='[10]2'!$W$110 -> 0 | S10: ='[10]2'!$X$110 -> 0 | T10: ='[10]2'!$Y$110 -> 268.85089 | U10: ='[10]2'!$T$110 -> 0 | V10: ='[10]2'!$U$110 -> 0 | W10: ='[10]2'!$V$110 -> 34.276538 | X10: ='[10]2'!$Q$110 -> 0 | Y10: ='[10]2'!$R$110 -> 0 | Z10: ='[10]2'!$S$110 -> 2764.06
C11: P.P32.5R | F11: ='[10]2'!$D$26+'[11]2'!$D$21+'[12]2'!$D$19+'[13]2'!$D$29+'[14]2'!$D$13+'[14]2'!$D$20 -> 0 | G11: ='[10]2'!$E$26+'[11]2'!$E$21+'[12]2'!$E$19+'[13]2'!$E$29+'[14]2'!$E$13+'[14]2'!$E$20 -> 0 | H11: =G11+'1'!H11 -> 0 | I11: =H11+yc!I11 -> 0 | J11: ='[10]2'!$I$26+'[11]2'!$I$21+'[12]2'!$I$19+'[13]2'!$I$29+'[14]2'!$E$28+'[14]2'!$E$35 -> 0 | K11: =J11+'1'!K11 -> 0 | L11: =K11+yc!L11 -> 0 | M11: ='[10]2'!$L$26+'[11]2'!$L$21+'[12]2'!$L$19+'[13]2'!$L$29+'[14]2'!$H$28+'[14]2'!$H$35 -> 0 | Q11: 德化1#
B12: 熟 料 | C12: 进厂 | D12: 自产 | E12: =E22+E32+E42+E52 -> 538000 | F12: =F22+F32+F42+F52+F62+F69 -> 374372.6 | G12: =G22+G32+G42+G52 -> 6589 | H12: =G12+'1'!H12 -> 14903 | I12: =H12+yc!I12 -> 4957294.2 | J12: =J22+J32+J42+J52+J62+J69 -> 13425.153 | K12: =J12+'1'!K12 -> 28266.621 | L12: =K12+yc!L12 -> 5057373 | M12: =M22+M32+M42+M52+M62+M69 -> 362620.08 | N12: =M12/439000*100 -> 82.601386 | Q12: 德化2# | R12: ='[16]2'!$W$40 -> 0 | S12: ='[16]2'!$X$40 -> 0 | T12: ='[16]2'!$Y$40 -> 0 | U12: ='[16]2'!$T$40 -> 0 | V12: ='[16]2'!$U$40 -> 0 | W12: ='[16]2'!$V$40 -> 0 | X12: ='[16]2'!$Q$40 -> 0 | Y12: ='[16]2'!$R$40 -> 0 | Z12: ='[16]2'!$S$40 -> 0
D13: 外购 | E13: =E23+E33+E43+E53+E63+E70 -> 0 | F13: =F23+F33+F43+F53+F63+F70 -> -2.0037305e-12 | G13: =G23+G33+G43+G53+G63+G70 -> 0 | H13: =G13+'1'!H13 -> 0 | I13: =H13+yc!I13 -> 0 | J13: =J23+J33+J43+J53+J63+J70 -> 0 | K13: =J13+'1'!K13 -> 0 | L13: =K13+yc!L13 -> 0 | M13: =M23+M33+M43+M53+M63+M70 -> -2.0037305e-12 | N13: =(M12+M13)/(315000+80000+150000)*100 -> 66.535795 | P13: 永安建福 | Q13: 回转窑 | R13: ='[11]2'!$W$68 -> 0 | S13: ='[11]2'!$X$68 -> 277.46032 | T13: ='[11]2'!$Y$68 -> 266.39434 | U13: ='[11]2'!$T$68 -> 0 | V13: ='[11]2'!$U$68 -> 13.125 | W13: ='[11]2'!$V$68 -> 71.203249 | X13: ='[11]2'!$Q$68 -> 0.00 | Y13: ='[11]2'!$R$68 -> 6.30 | Z13: ='[11]2'!$S$68 -> 5741.83
C14: 出厂 | D14: 权属调拨 | E14: =E24+E34+E44+E54 -> 0 | F14: =F24+F34+F44+F54 -> 0 | G14: =G24+G34+G44+G54+G62 -> 2278 | H14: =G14+'1'!H14 -> 2278 | I14: =H14+yc!I14 -> 966821.68 | J14: =J24+J34+J44+J54+J62 -> 3782.9 | K14: =J14+'1'!K14 -> 8972.146 | L14: =K14+yc!L14 -> 1801916.3 | M14: =M24+M34+M44+M54 -> 67564.78 | Q14: 水泥磨A1 | R14: ='[11]2'!$W$71 -> 220.25 | S14: ='[11]2'!$X$71 -> 210.3125 | T14: ='[11]2'!$Y$71 -> 213.48788 | U14: ='[11]2'!$T$71 -> 33.333333 | V14: ='[11]2'!$U$71 -> 33.333333 | W14: ='[11]2'!$V$71 -> 50.130208 | X14: ='[11]2'!$Q$71 -> 8.00 | Y14: ='[11]2'!$R$71 -> 16.00 | Z14: ='[11]2'!$S$71 -> 4042.50
D15: 外发熟料 | E15: =E25+E35+E45+E55 -> 0 | F15: =F25+F35+F45+F55 -> 0 | G15: =G25+G35+G45+G55 -> 0 | H15: =G15+'1'!H15 -> 0 | I15: =H15+yc!I15 -> 0 | J15: =J25+J35+J45+J55 -> 0 | K15: =J15+'1'!K15 -> 473.78 | L15: =K15+yc!L15 -> 115230.28 | Q15: 水泥磨D1 | R15: ='[11]2'!$W$72 -> 70.628571 | S15: ='[11]2'!$X$72 -> 66.686567 | T15: ='[11]2'!$Y$72 -> 61.306407 | U15: ='[11]2'!$T$72 -> 36.458333 | V15: ='[11]2'!$U$72 -> 34.895833 | W15: ='[11]2'!$V$72 -> 50.660342 | X15: ='[11]2'!$Q$72 -> 8.75 | Y15: ='[11]2'!$R$72 -> 16.75 | Z15: ='[11]2'!$S$72 -> 4085.25
B16: 总销量 | E16: =E26+E36+E46+E56+E64+E71 -> 0 | G16: =G26+G36+G46+G56+G64+G71 -> 0 | H16: =G16+'1'!H16 -> 0 | I16: =H16+yc!I16 -> 0 | J16: =J26+J36+J46+J56+J64+J71+J75 -> 0 | K16: =J16+'1'!K16 -> 0 | L16: =K16+yc!L16 -> 0 | Q16: 水泥磨D2 | R16: ='[11]2'!$W$73 -> 69.371429 | S16: ='[11]2'!$X$73 -> 66.447761 | T16: ='[11]2'!$Y$73 -> 62.930723 | U16: ='[11]2'!$T$73 -> 36.458333 | V16: ='[11]2'!$U$73 -> 34.895833 | W16: ='[11]2'!$V$73 -> 52.244172 | X16: ='[11]2'!$Q$73 -> 8.75 | Y16: ='[11]2'!$R$73 -> 16.75 | Z16: ='[11]2'!$S$73 -> 4212.97
B17: 水泥销售量 | E17: =E27+E37+E47+E57+E65+E72+E83 -> 650000 | G17: =G27+G37+G47+G57+G65+G72 -> 0 | H17: =G17+'1'!H17 -> 0 | I17: =H17+yc!I17 -> 0 | J17: =J27+J37+J47+J57+J65+J72+J76 -> 0 | K17: =J17+'1'!K17 -> 0 | L17: =K17+yc!L17 -> 0 | P17: 金银湖水泥 | Q17: 回转窑 | R17: ='[12]2'!$W$71 -> 0 | S17: ='[12]2'!$X$71 -> 0 | T17: ='[12]2'!$Y$71 -> 0 | U17: ='[12]2'!$T$71 -> 0 | V17: ='[12]2'!$U$71 -> 0 | W17: ='[12]2'!$V$71 -> 0 | X17: ='[12]2'!$Q$71 -> 0 | Y17: ='[12]2'!$R$71 -> 0 | Z17: ='[12]2'!$S$71 -> 0
B18: 其 中 | C18: 袋装 | E18: =E28+E38+E48+E58+E66+E73 -> 0 | G18: =G28+G38+G48+G58+G66+G73 -> 0 | H18: =G18+'1'!H18 -> 0 | I18: =H18+yc!I18 -> 0 | J18: =J28+J38+J48+J58+J66+J73 -> 0 | K18: =J18+'1'!K18 -> 0 | L18: =K18+yc!L18 -> 0 | Q18: 水泥磨1 | R18: ='[12]2'!$W$74 -> 0 | S18: ='[12]2'!$X$74 -> 0 | T18: ='[12]2'!$Y$74 -> 222.40493 | U18: ='[12]2'!$T$74 -> 0 | V18: ='[12]2'!$U$74 -> 0 | W18: ='[12]2'!$V$74 -> 6.968378 | X18: ='[12]2'!$Q$74 -> 0 | Y18: ='[12]2'!$R$74 -> 0 | Z18: ='[12]2'!$S$74 -> 561.93
C19: 散装 | E19: =E29+E39+E49+E59+E67+E74 -> 0 | G19: =G29+G39+G49+G59+G67+G74 -> 0 | H19: =G19+'1'!H19 -> 0 | I19: =H19+yc!I19 -> 0 | J19: =J29+J39+J49+J59+J67+J74+J78 -> 0 | K19: =J19+'1'!K19 -> 0 | L19: =K19+yc!L19 -> 0 | P19: 顺昌炼石 | Q19: 回转窑1 | R19: ='[13]2'!$W$72 -> 1e-05 | S19: ='[13]2'!$X$72 -> 1e-05 | T19: ='[13]2'!$Y$72 -> 9.0962099e-06 | U19: ='[13]2'!$T$72 -> 4.1666667e-06 | V19: ='[13]2'!$U$72 -> 4.1666667e-06 | W19: ='[13]2'!$V$72 -> 4.2534722e-06 | X19: ='[13]2'!$Q$72 -> 1e-06 | Y19: ='[13]2'!$R$72 -> 2e-06 | Z19: ='[13]2'!$S$72 -> 0.000343
B20: 商品熟料 | E20: =E30+E40+E50+E60 -> 0 | G20: =G30+G40+G50+G60 -> 0 | H20: =G20+'1'!H20 -> 0 | I20: =H20+yc!I20 -> 0 | J20: =J30+J40+J50+J60 -> 0 | K20: =J20+'1'!K20 -> 0 | L20: =K20+yc!L20 -> 0 | Q20: 回转窑2 | R20: ='[13]2'!$W$73 -> 1e-05 | S20: ='[13]2'!$X$73 -> 1e-05 | T20: ='[13]2'!$Y$73 -> 239.29986 | U20: ='[13]2'!$T$73 -> 4.1666667e-06 | V20: ='[13]2'!$U$73 -> 4.1666667e-06 | W20: ='[13]2'!$V$73 -> 71.698045 | X20: ='[13]2'!$Q$73 -> 1e-06 | Y20: ='[13]2'!$R$73 -> 2e-06 | Z20: ='[13]2'!$S$73 -> 5781.7303
A21: 安砂建福 | B21: 水泥生产/出厂 | E21: 190000 | F21: ='[10]2'!$D$22 -> 83053.31 | G21: ='[10]2'!$E$22 -> 6061 | H21: =G21+'1'!H21 -> 11506 | I21: =H21+yc!I21 -> 2120944 | J21: ='[10]2'!$I$22 -> 7537.66 | K21: =J21+'1'!K21 -> 14562.26 | L21: =K21+yc!L21 -> 2081016.3 | M21: ='[10]2'!$L$22 -> 79997.05 | N21: =M21/47000*100 -> 170.20649 | Q21: 水泥磨3 | R21: ='[13]2'!$W$81 -> 285.68421 | S21: ='[13]2'!$X$81 -> 274.53551 | T21: ='[13]2'!$Y$81 -> 275.67292 | U21: ='[13]2'!$T$81 -> 39.583333 | V21: ='[13]2'!$U$81 -> 41.145255 | W21: ='[13]2'!$V$81 -> 36.154676 | X21: ='[13]2'!$Q$81 -> 9.5 | Y21: ='[13]2'!$R$81 -> 19.749722 | Z21: ='[13]2'!$S$81 -> 2915.5131
B22: 熟 料 | C22: 进厂 | D22: 自产 | E22: 163000 | F22: ='[10]2'!$D$17 -> 189966.35 | G22: ='[10]2'!$E$17 -> 6589 | H22: =G22+'1'!H22 -> 13155 | I22: =H22+yc!I22 -> 2044136 | J22: ='[10]2'!$I$17 -> 5777.9 | K22: =J22+'1'!K22 -> 11792.15 | L22: =K22+yc!L22 -> 1903253.5 | M22: ='[10]2'!$L$17 -> 191329.2 | N22: =(M22+M23)/(50000+150000)*100 -> 95.664601 | Q22: 水泥磨1 | R22: ='[13]2'!$W$79 -> 99.62963 | S22: ='[13]2'!$X$79 -> 102.82913 | T22: ='[13]2'!$Y$79 -> 102.26465 | U22: ='[13]2'!$T$79 -> 56.25 | V22: ='[13]2'!$U$79 -> 61.631366 | W22: ='[13]2'!$V$79 -> 45.475471 | X22: ='[13]2'!$Q$79 -> 13.5 | Y22: ='[13]2'!$R$79 -> 29.583056 | Z22: ='[13]2'!$S$79 -> 3667.1419
D23: 外购 | F23: ='[10]2'!$D$20 -> 0 | G23: ='[10]2'!$E$20 -> 0 | H23: =G23+'1'!H23 -> 0 | I23: =H23+yc!I23 -> 0 | J23: ='[10]2'!$I$20 -> 0 | K23: =J23+'1'!K23 -> 0 | L23: =K23+yc!L23 -> 0 | M23: ='[10]2'!$L$21 -> 0 | Q23: 水泥磨2 | R23: ='[13]2'!$W$80 -> 82 | S23: ='[13]2'!$X$80 -> 83.625 | T23: ='[13]2'!$Y$80 -> 79.15506 | U23: ='[13]2'!$T$80 -> 33.333333 | V23: ='[13]2'!$U$80 -> 33.333333 | W23: ='[13]2'!$V$80 -> 32.500692 | X23: ='[13]2'!$Q$80 -> 8 | Y23: ='[13]2'!$R$80 -> 16 | Z23: ='[13]2'!$S$80 -> 2620.8558
C24: 出厂 | D24: 权属调拨 | F24: ='[10]2'!$D$21 -> 0 | G24: ='[10]2'!$E$56 -> 0 | H24: =G24+'1'!H24 -> 0 | I24: =H24+yc!I24 -> 0 | J24: ='[10]2'!$I$56 -> 1871.9 | K24: =J24+'1'!K24 -> 3334.37 | L24: =K24+yc!L24 -> 283160.9 | M24: ='[10]2'!$L$20 -> 0 | P24: 福州炼石 | Q24: 水泥磨1 | R24: ='[14]2'!$R$6 -> 89.128205 | S24: ='[14]2'!$S$6 -> 87.230769 | T24: ='[14]2'!$T$6 -> 86.16587 | U24: ='[14]2'!$O$6 -> 40.625 | V24: ='[14]2'!$P$6 -> 40.625 | W24: ='[14]2'!$Q$6 -> 52.249752 | X24: ='[14]2'!$L$6 -> 9.75 | Y24: ='[14]2'!$M$6 -> 19.5 | Z24: ='[14]2'!$N$6 -> 4213.42
D25: 外发熟料 | G25: ='[10]2'!$E$69 -> 0 | H25: =G25+'1'!H25 -> 0 | I25: =H25+yc!I25 -> 0 | J25: ='[10]2'!$I$69 -> 0 | K25: =J25+'1'!K25 -> 473.78 | L25: =K25+yc!L25 -> 79794.63 | Q25: 水泥磨2 | R25: ='[14]2'!$R$7 -> 199.25 | S25: ='[14]2'!$S$7 -> 195.26761 | T25: ='[14]2'!$T$7 -> 187.60522 | U25: ='[14]2'!$O$7 -> 33.333333 | V25: ='[14]2'!$P$7 -> 36.979167 | W25: ='[14]2'!$Q$7 -> 50.103299 | X25: ='[14]2'!$L$7 -> 8 | Y25: ='[14]2'!$M$7 -> 17.75 | Z25: ='[14]2'!$N$7 -> 4040.33
B26: 总销量 | H26: =G26+'1'!H26 -> 0 | I26: =H26+yc!I26 -> 0 | J26: =J27+J30 -> 0 | K26: =J26+'1'!K26 -> 0 | L26: =K26+yc!L26 -> 0 | P26: 宁德建福 | Q26: 水泥磨2 | R26: ='[15]2'!$I$38 -> 0 | S26: ='[15]2'!$J$38 -> 0 | T26: ='[15]2'!$K$38 -> 0 | U26: ='[15]2'!$F$38 -> 0 | V26: ='[15]2'!$G$38 -> 0 | W26: ='[15]2'!$H$38 -> 0 | X26: ='[15]2'!$C$38 -> 0 | Y26: ='[15]2'!$D$38 -> 0 | Z26: ='[15]2'!$E$38 -> 0
B27: 水泥销售量 | E27: 190000 | H27: =G27+'1'!H27 -> 0 | I27: =H27+yc!I27 -> 0 | J27: =SUM(J28:J29) -> 0 | K27: =J27+'1'!K27 -> 0 | L27: =K27+yc!L27 -> 0 | O27: 余热发电 | P27: 永安建福 | R27: ='[11]2'!$W$69 -> 0 | S27: ='[11]2'!$X$69 -> 22.311785 | T27: ='[11]2'!$Y$69 -> 25.371763 | U27: ='[11]2'!$T$69 -> 0 | V27: ='[11]2'!$U$69 -> 13.1875 | W27: ='[11]2'!$V$69 -> 68.045883 | X27: ='[11]2'!$Q$69 -> 0.00 | Y27: ='[11]2'!$R$69 -> 6.33 | Z27: ='[11]2'!$S$69 -> 5487.22
B28: 其 中 | C28: 袋装 | H28: =G28+'1'!H28 -> 0 | I28: =H28+yc!I28 -> 0 | K28: =J28+'1'!K28 -> 0 | L28: =K28+yc!L28 -> 0 | P28: 安砂建福1# | R28: ='[10]2'!$W$104 -> 29.139475 | S28: ='[10]2'!$X$104 -> 28.825542 | T28: ='[10]2'!$Y$104 -> 25.971345 | U28: ='[10]2'!$T$104 -> 100 | V28: ='[10]2'!$U$104 -> 100 | W28: ='[10]2'!$V$104 -> 64.583953 | X28: ='[10]2'!$Q$104 -> 24 | Y28: ='[10]2'!$R$104 -> 48 | Z28: ='[10]2'!$S$104 -> 5208.05
C29: 散装 | H29: =G29+'1'!H29 -> 0 | I29: =H29+yc!I29 -> 0 | K29: =J29+'1'!K29 -> 0 | L29: =K29+yc!L29 -> 0 | P29: 安砂建福2# | R29: ='[10]2'!$W$105 -> 0 | S29: ='[10]2'!$X$105 -> 0 | T29: ='[10]2'!$Y$105 -> 29.934238 | U29: ='[10]2'!$T$105 -> 0 | V29: ='[10]2'!$U$105 -> 0 | W29: ='[10]2'!$V$105 -> 34.774082 | X29: ='[10]2'!$Q$105 -> 0 | Y29: ='[10]2'!$R$105 -> 0 | Z29: ='[10]2'!$S$105 -> 2804.182
B30: 商品熟料 | H30: =G30+'1'!H30 -> 0 | I30: =H30+yc!I30 -> 0 | K30: =J30+'1'!K30 -> 0 | L30: =K30+yc!L30 -> 0 | P30: 金银湖水泥 | R30: ='[12]2'!$W$72 -> 0 | S30: ='[12]2'!$X$72 -> 0 | T30: ='[12]2'!$Y$72 -> 0 | U30: ='[12]2'!$T$72 -> 0 | V30: ='[12]2'!$U$72 -> 0 | W30: ='[12]2'!$V$72 -> 0 | X30: ='[12]2'!$Q$72 -> 0 | Y30: ='[12]2'!$R$72 -> 0 | Z30: ='[12]2'!$S$72 -> 0
A31: 永安建福 | B31: 水泥生产/出厂 | E31: 150000 | F31: ='[11]2'!$D$16 -> 65429.37 | G31: ='[11]2'!$E$16 -> 2987 | H31: =G31+'1'!H31 -> 5595 | I31: =H31+yc!I31 -> 1378602 | J31: ='[11]2'!$I$16 -> 4762.42 | K31: =J31+'1'!K31 -> 10996.02 | L31: =K31+yc!L31 -> 1367044.1 | M31: ='[11]2'!$L$16 -> 60028.35 | N31: =M31/75000*100 -> 80.0378
B32: 熟 料 | C32: 进厂 | D32: 自产 | E32: 200000 | F32: ='[11]2'!$D$13 -> 60437.506 | G32: ='[11]2'!$E$13 -> 0 | H32: =G32+'1'!H32 -> 1748 | I32: =H32+yc!I32 -> 1529591 | J32: ='[11]2'!$I$13 -> 2215 | K32: =J32+'1'!K32 -> 4205 | L32: =K32+yc!L32 -> 1025683 | M32: ='[11]2'!$L$13 -> 57313.616 | N32: =(M32+M33)/50000*100 -> 114.62723 | P32: 顺昌炼石1# | R32: ='[13]2'!$W$76 -> 0 | S32: ='[13]2'!$X$76 -> 0 | T32: ='[13]2'!$Y$76 -> 0 | U32: ='[13]2'!$T$76 -> 4.1666667e-11 | V32: ='[13]2'!$U$76 -> 2.0833333e-11 | W32: ='[13]2'!$V$76 -> 4.1046627e-11 | X32: ='[13]2'!$Q$76 -> 1e-11 | Y32: ='[13]2'!$R$76 -> 1e-11 | Z32: ='[13]2'!$S$76 -> 3.31e-09
D33: 外购 | G33: ='[11]2'!$E$14 -> 0 | H33: =G33+'1'!H33 -> 0 | I33: =H33+yc!I33 -> 0 | J33: ='[11]2'!$I$14 -> 0 | K33: =J33+'1'!K33 -> 0 | L33: =K33+yc!L33 -> 0 | M33: ='[11]2'!$L$14 -> 0 | P33: 顺昌炼石2# | R33: ='[13]2'!$W$77 -> 0 | S33: ='[13]2'!$X$77 -> 0 | T33: ='[13]2'!$Y$77 -> 19.77 | U33: ='[13]2'!$T$77 -> 4.1666667e-11 | V33: ='[13]2'!$U$77 -> 2.0833333e-11 | W33: ='[13]2'!$V$77 -> 62.745784 | X33: ='[13]2'!$Q$77 -> 1e-11 | Y33: ='[13]2'!$R$77 -> 1e-11 | Z33: ='[13]2'!$S$77 -> 5059.82
C34: 出厂 | D34: 权属调拨 | G34: ='[11]2'!$E$50 -> 0 | H34: =G34+'1'!H34 -> 0 | I34: =H34+yc!I34 -> 0 | J34: ='[11]2'!$I$50 -> 0 | K34: =J34+'1'!K34 -> 666.89 | L34: =K34+yc!L34 -> 467869.82 | M34: ='[11]2'!$L$15 -> 0
D35: 外发熟料 | G35: ='[11]2'!$E$64 -> 0 | H35: =G35+'1'!H35 -> 0 | I35: =H35+yc!I35 -> 0 | J35: ='[11]2'!$I$64 -> 0 | K35: =J35+'1'!K35 -> 0 | L35: =K35+yc!L35 -> 0
B36: 总销量 | H36: =G36+'1'!H36 -> 0 | I36: =H36+yc!I36 -> 0 | J36: =J37+J40 -> 0 | K36: =J36+'1'!K36 -> 0 | L36: =K36+yc!L36 -> 0 | P36: 材料名称 | R36: 计划 | S36: 期初库存 | T36: 日进厂 | U36: 月累 进厂 | V36: 年累 进厂 | W36: 日消耗 | X36: 月累消耗 | Y36: 年累消耗 | Z36: 期末库存
B37: 水泥销售量 | E37: 150000 | H37: =G37+'1'!H37 -> 0 | I37: =H37+yc!I37 -> 0 | J37: =SUM(J38:J39) -> 0 | K37: =J37+'1'!K37 -> 0 | L37: =K37+yc!L37 -> 0 | O37: 主 要 原 燃 材 料 动 态 | P37: 安砂建福 | Q37: 无烟煤 | R37: ='[10]2'!$P$7 -> 0 | S37: ='[10]2'!$Q$7 -> 0 | T37: ='[10]2'!$R$7 -> 0 | U37: =T37+'1'!U37 -> 0 | V37: =U37+yc!V37 -> 0 | W37: ='[10]2'!$V$7 -> 0 | X37: =W37+'1'!X37 -> 0 | Y37: =X37+yc!Y37 -> 0 | Z37: ='[10]2'!$Y$7 -> 0
B38: 其 中 | C38: 袋装 | H38: =G38+'1'!H38 -> 0 | I38: =H38+yc!I38 -> 0 | K38: =J38+'1'!K38 -> 0 | L38: =K38+yc!L38 -> 0 | Q38: 烟煤 | R38: ='[10]2'!$P$10 -> 0 | S38: ='[10]2'!$Q$10 -> 9645.331 | T38: ='[10]2'!$R$10 -> 1064.14 | U38: =T38+'1'!U38 -> 1833.32 | V38: =U38+yc!V38 -> 260973.04 | W38: ='[10]2'!$V$10 -> 827 | X38: =W38+'1'!X38 -> 1648 | Y38: =X38+yc!Y38 -> 257755 | Z38: ='[10]2'!$Y$10 -> 9830.651
C39: 散装 | H39: =G39+'1'!H39 -> 0 | I39: =H39+yc!I39 -> 0 | K39: =J39+'1'!K39 -> 0 | L39: =K39+yc!L39 -> 0 | Q39: 石膏 | R39: ='[10]2'!$P$50 -> 0 | S39: ='[10]2'!$Q$50 -> 1231.546 | T39: ='[10]2'!$R$50 -> 233.34 | U39: =T39+'1'!U39 -> 596.66 | V39: =U39+yc!V39 -> 79410.259 | W39: ='[10]2'!$V$50 -> 254 | X39: =W39+'1'!X39 -> 495 | Y39: =X39+yc!Y39 -> 79254 | Z39: ='[10]2'!$Y$50 -> 1333.206
B40: 商品熟料 | H40: =G40+'1'!H40 -> 0 | I40: =H40+yc!I40 -> 0 | K40: =J40+'1'!K40 -> 0 | L40: =K40+yc!L40 -> 0 | Q40: 铁粉 | R40: ='[10]2'!$P$44 -> 0 | S40: ='[10]2'!$Q$44 -> 0 | T40: ='[10]2'!$R$44 -> 0 | U40: ='[10]2'!$S$44 -> 0 | V40: ='[10]2'!$T$44 -> 0 | W40: ='[10]2'!$V$44 -> 0 | X40: ='[10]2'!$W$44 -> 0 | Y40: ='[10]2'!$X$44 -> 0 | Z40: ='[10]2'!$Y$44 -> 0
A41: 金银湖水泥 | B41: 水泥生产/出厂 | E41: 12000 | F41: ='[12]2'!$D$16 -> 26129.76 | G41: ='[12]2'!$E$16 -> 0 | H41: =G41+'1'!H41 -> 0 | I41: =H41+yc!I41 -> 124976 | J41: ='[12]2'!$I$16 -> 339 | K41: =J41+'1'!K41 -> 758.5 | L41: =K41+yc!L41 -> 122152.04 | M41: ='[12]2'!$L$16 -> 25371.26 | N41: =M41/30000*100 -> 84.570867 | P41: 永安建福 | Q41: 无烟煤 | R41: ='[11]2'!$P$7 -> 0 | S41: ='[11]2'!$Q$7 -> 0.621 | T41: ='[11]2'!$R$7 -> 0 | U41: =T41+'1'!U41 -> 0 | V41: =U41+yc!V41 -> 0.621 | W41: ='[11]2'!$V$7 -> 0 | X41: =W41+'1'!X41 -> 0 | Y41: =X41+yc!Y41 -> 9.4591002e-14 | Z41: ='[11]2'!$Y$7 -> 0.621
B42: 熟 料 | C42: 进厂 | D42: 自产 | E42: 0 | F42: ='[12]2'!$D$13 -> 0 | G42: ='[12]2'!$E$13 -> 0 | H42: =G42+'1'!H42 -> 0 | I42: =H42+yc!I42 -> 0 | J42: ='[12]2'!$I$13 -> 0 | K42: =J42+'1'!K42 -> 0 | L42: =K42+yc!L42 -> 0 | M42: ='[12]2'!$L$13 -> 0 | N42: =(M42+M43)/50000*100 -> 0 | Q42: 烟煤 | R42: ='[11]2'!$P$8 -> 14000 | S42: ='[11]2'!$Q$8 -> 8478.836 | T42: ='[11]2'!$R$8 -> 1037.1 | U42: =T42+'1'!U42 -> 1037.1 | V42: =U42+yc!V42 -> 208624.07 | W42: ='[11]2'!$V$8 -> 0 | X42: =W42+'1'!X42 -> 221 | Y42: =X42+yc!Y42 -> 202692 | Z42: ='[11]2'!$Y$8 -> 9294.936
D43: 外购 | F43: ='[12]2'!$D$14 -> 0 | G43: ='[12]2'!$E$14 -> 0 | H43: =G43+'1'!H43 -> 0 | I43: =H43+yc!I43 -> 0 | J43: ='[12]2'!$I$14 -> 0 | K43: =J43+'1'!K43 -> 0 | L43: =K43+yc!L43 -> 0 | M43: ='[12]2'!$L$14 -> 0 | Q43: 混合煤
C44: 出厂 | D44: 权属调拨 | G44: ='[12]2'!$E$44 -> 0 | H44: =G44+'1'!H44 -> 0 | I44: =H44+yc!I44 -> 128550.22 | J44: ='[12]2'!$I$44 -> 0 | K44: =J44+'1'!K44 -> 0 | L44: =K44+yc!L44 -> 0 | M44: ='[12]2'!$L$15 -> 67564.78 | Q44: 石膏 | R44: ='[11]2'!$P$29 -> 8000 | S44: ='[11]2'!$Q$29 -> 2299.457 | T44: ='[11]2'!$R$29 -> 0 | U44: =T44+'1'!U44 -> 0 | V44: =U44+yc!V44 -> 64753.168 | W44: ='[11]2'!$V$29 -> 125 | X44: =W44+'1'!X44 -> 227 | Y44: =X44+yc!Y44 -> 66637 | Z44: ='[11]2'!$Y$29 -> 2072.457
D45: 外发熟料 | G45: ='[12]2'!$E$55 -> 0 | H45: =G45+'1'!H45 -> 0 | I45: =H45+yc!I45 -> 0 | J45: ='[12]2'!$I$55 -> 0 | K45: =J45+'1'!K45 -> 0 | L45: =K45+yc!L45 -> 0 | Q45: 铁粉 | R45: ='[11]2'!$P$23 -> 0 | S45: ='[11]2'!$Q$23 -> 0 | T45: ='[11]2'!$R$23 -> 0 | U45: ='[11]2'!$S$23 -> 0 | V45: ='[11]2'!$T$23 -> 1.329 | W45: ='[11]2'!$V$23 -> 0 | X45: ='[11]2'!$W$23 -> 0 | Y45: ='[11]2'!$X$23 -> 1.329 | Z45: ='[11]2'!$Y$23 -> 0
B46: 总销量 | H46: =G46+'1'!H46 -> 0 | I46: =H46+yc!I46 -> 0 | J46: =J47+J50 -> 0 | K46: =J46+'1'!K46 -> 0 | L46: =K46+yc!L46 -> 0 | P46: 金银湖水泥 | Q46: 无烟煤 | R46: ='[12]2'!$P$7 -> 0 | S46: ='[12]2'!$Q$7 -> 0 | T46: ='[12]2'!$R$7 -> 0 | U46: =T46+'1'!U46 -> 0 | V46: =U46+yc!V46 -> 0 | W46: ='[12]2'!$V$7 -> 0 | X46: =W46+'1'!X46 -> 0 | Y46: =X46+yc!Y46 -> 0 | Z46: ='[12]2'!$Y$7 -> 0
B47: 水泥销售量 | E47: 12000 | H47: =G47+'1'!H47 -> 0 | I47: =H47+yc!I47 -> 0 | J47: =SUM(J48:J49) -> 0 | K47: =J47+'1'!K47 -> 0 | L47: =K47+yc!L47 -> 0 | Q47: 烟煤 | R47: ='[12]2'!$P$8 -> 0 | S47: ='[12]2'!$Q$8 -> 0 | T47: ='[12]2'!$R$8 -> 0 | U47: =T47+'1'!U47 -> 0 | V47: =U47+yc!V47 -> 0 | W47: ='[12]2'!$V$8 -> 0 | X47: =W47+'1'!X47 -> 0 | Y47: =X47+yc!Y47 -> 0 | Z47: ='[12]2'!$Y$8 -> 0
B48: 其 中 | C48: 袋装 | H48: =G48+'1'!H48 -> 0 | I48: =H48+yc!I48 -> 0 | K48: =J48+'1'!K48 -> 0 | L48: =K48+yc!L48 -> 0 | Q48: 石膏 | R48: ='[12]2'!$P$34 -> 0 | S48: ='[12]2'!$Q$34 -> 1585.503 | T48: ='[12]2'!$R$34 -> 0 | U48: =T48+'1'!U48 -> 0 | V48: =U48+yc!V48 -> 6026.53 | W48: ='[12]2'!$V$8 -> 0 | X48: =W48+'1'!X48 -> 0 | Y48: =X48+yc!Y48 -> 0 | Z48: ='[12]2'!$Y$8 -> 0
C49: 散装 | H49: =G49+'1'!H49 -> 0 | I49: =H49+yc!I49 -> 0 | K49: =J49+'1'!K49 -> 0 | L49: =K49+yc!L49 -> 0 | P49: 顺昌炼石 | Q49: 烟煤 | R49: ='[13]2'!$P$8 -> 15340 | S49: ='[13]2'!$Q$8 -> 10593.625 | T49: ='[13]2'!$R$8 -> 0 | U49: =T49+'1'!U49 -> 0 | V49: =U49+yc!V49 -> 179888.95 | W49: ='[13]2'!$V$8 -> 0 | X49: =W49+'1'!X49 -> 0 | Y49: =X49+yc!Y49 -> 176530.34 | Z49: ='[13]2'!$Y$8 -> 10593.625
B50: 商品熟料 | H50: =G50+'1'!H50 -> 0 | I50: =H50+yc!I50 -> 0 | K50: =J50+'1'!K50 -> 0 | L50: =K50+yc!L50 -> 0 | Q50: 无烟煤 | R50: ='[13]2'!$P$7 -> 200 | S50: ='[13]2'!$Q$7 -> 0 | T50: ='[13]2'!$R$7 -> 0 | U50: =T50+'1'!U50 -> 0 | V50: =U50+yc!V50 -> 0 | W50: ='[13]2'!$V$7 -> 0 | X50: =W50+'1'!X50 -> 0 | Y50: =X50+yc!Y50 -> 0 | Z50: ='[13]2'!$Y$7 -> 0
A51: 顺昌炼石 | B51: 水泥生产/出厂 | E51: 160000 | F51: ='[13]2'!$D$24 -> 48852.684 | G51: ='[13]2'!$E$24 -> 4715 | H51: =G51+'1'!H51 -> 9802 | I51: =H51+yc!I51 -> 1386201 | J51: ='[13]2'!$I$24 -> 7392.73 | K51: =J51+'1'!K51 -> 12580.68 | L51: =K51+yc!L51 -> 1375704.6 | M51: ='[13]2'!$L$24 -> 46074.004 | N51: =M51/45000*100 -> 102.38668 | Q51: 石膏 | R51: ='[13]2'!$P$30 -> 8550 | S51: ='[13]2'!$Q$30 -> 3251.374 | T51: ='[13]2'!$R$30 -> 335.48 | U51: =T51+'1'!U51 -> 603.86 | V51: =U51+yc!V51 -> 63602.331 | W51: ='[13]2'!$V$30 -> 191 | X51: =W51+'1'!X51 -> 424.508 | Y51: =X51+yc!Y51 -> 61040.745 | Z51: ='[13]2'!$Y$30 -> 3430.726
B52: 熟 料 | C52: 进厂 | D52: 自产 | E52: 175000 | F52: ='[13]2'!$D$19 -> 105046.44 | G52: ='[13]2'!$E$19 -> 2e-11 | H52: =G52+'1'!H52 -> 4e-11 | I52: =H52+yc!I52 -> 1383567.2 | J52: ='[13]2'!$I$19 -> 3521.253 | K52: =J52+'1'!K52 -> 8406.471 | L52: =K52+yc!L52 -> 1290100.7 | M52: ='[13]2'!$L$19 -> 96639.972 | N52: =(M52+M53)/(65000+80000)*100 -> 66.648257 | Q52: 铁粉
D53: 外购 | F53: ='[13]2'!$D$22 -> 0 | G53: ='[13]2'!$E$22 -> 0 | H53: =G53+'1'!H53 -> 0 | I53: =H53+yc!I53 -> 0 | J53: ='[13]2'!$I$22 -> 0 | K53: =J53+'1'!K53 -> 0 | L53: =K53+yc!L53 -> 0 | M53: ='[13]2'!$L$23 -> 0 | P53: 福州炼石 | Q53: 石膏 | S53: ='[14]2'!$M$21+'[14]2'!$M$22+'[14]2'!$M$35 -> 1648.947 | T53: ='[14]2'!$N$21+'[14]2'!$N$22+'[14]2'!$N$35 -> 44.49 | U53: =T53+'1'!U53 -> 87.83 | V53: =U53+yc!V53 -> 38422.257 | W53: ='[14]2'!$Q$21+'[14]2'!$Q$22+'[14]2'!$Q$35 -> 63 | X53: =W53+'1'!X53 -> 132 | Y53: =X53+yc!Y53 -> 39623 | Z53: ='[14]2'!$T$21+'[14]2'!$T$22+'[14]2'!$T$35 -> 1604.777
C54: 出厂 | D54: 权属调拨 | G54: ='[13]2'!$E$23 -> 0 | H54: =G54+'1'!H54 -> 0 | I54: =H54+yc!I54 -> 0 | J54: ='[13]2'!$I$47 -> 0 | K54: =J54+'1'!K54 -> 1107.886 | L54: =K54+yc!L54 -> 212549.74 | M54: ='[13]2'!$L$22 -> 0 | P54: 宁德建福 | Q54: 石膏 | R54: ='[15]2'!$C$43 -> 0 | S54: ='[15]2'!$D$43 -> 467.66 | T54: ='[15]2'!$E$43 -> 0 | U54: =T54+'1'!U54 -> 0 | V54: =U54+yc!V54 -> 0 | W54: ='[15]2'!$H$43 -> 0 | X54: =W54+'1'!X54 -> 0 | Y54: =X54+yc!Y54 -> 0 | Z54: ='[15]2'!$K$43 -> 467.66
D55: 外发熟料 | G55: ='[13]2'!$E$63 -> 0 | H55: =G55+'1'!H55 -> 0 | I55: =H55+yc!I55 -> 0 | J55: ='[13]2'!$I$63 -> 0 | K55: =J55+'1'!K55 -> 0 | L55: =K55+yc!L55 -> 35435.65 | P55: 德化 | Q55: 石膏 | R55: ='[16]2'!$P$7 -> 0 | S55: ='[16]2'!$Q$7 -> 0 | T55: ='[16]2'!$R$7 -> 0 | U55: ='[16]2'!$S$7 -> 0 | V55: ='[16]2'!$T$7 -> 0 | W55: ='[16]2'!$V$7 -> 0 | X55: ='[16]2'!$W$7 -> 0 | Y55: ='[16]2'!$X$7 -> 0 | Z55: ='[16]2'!$Y$7 -> 0
B56: 总销量 | H56: =G56+'1'!H56 -> 0 | I56: =H56+yc!I56 -> 0 | J56: =J57+J60 -> 0 | K56: =J56+'1'!K56 -> 0 | L56: =K56+yc!L56 -> 0 | O56: 设备运行状况 | P56: 安砂建福 | Q56: ='[8]2'!$Q$62 -> 1#窑:正常。2#窑:续停。水泥磨:1#磨：10:00-24:00避峰停机；2#磨：10:00-22:30避峰停机；3#磨：10:00-22:10避峰停机；4#磨：大修续停。
B57: 水泥销售量 | E57: 160000 | H57: =G57+'1'!H57 -> 0 | I57: =H57+yc!I57 -> 0 | J57: =SUM(J58:J59) -> 0 | K57: =J57+'1'!K57 -> 0 | L57: =K57+yc!L57 -> 0
B58: 其 中 | C58: 袋装 | H58: =G58+'1'!H58 -> 0 | I58: =H58+yc!I58 -> 0 | K58: =J58+'1'!K58 -> 0 | L58: =K58+yc!L58 -> 0
C59: 散装 | H59: =G59+'1'!H59 -> 0 | I59: =H59+yc!I59 -> 0 | K59: =J59+'1'!K59 -> 0 | L59: =K59+yc!L59 -> 0 | P59: 永安建福 | Q59: ='[8]2'!$Q$65 -> 窑:续停。A组磨：8:00-24:00避峰停机。D1#磨：8:45-24:00避峰停机，D2#磨：8:45-24:00避峰停机。
B60: 商品熟料 | H60: =G60+'1'!H60 -> 0 | I60: =H60+yc!I60 -> 0 | K60: =J60+'1'!K60 -> 0 | L60: =K60+yc!L60 -> 0
A61: 福州炼石 | B61: 水泥生产/出厂 | E61: 120000 | F61: ='[14]2'!$D$6 -> 37769.17 | G61: ='[14]2'!$E$6 -> 2463 | H61: =G61+'1'!H61 -> 5167 | I61: =H61+yc!I61 -> 1121040 | J61: ='[14]2'!$E$21 -> 3828.63 | K61: =J61+'1'!K61 -> 7071.46 | L61: =K61+yc!L61 -> 1108231.5 | M61: ='[14]2'!$H$6 -> 35864.71 | N61: =M61/52000*100 -> 68.970596
B62: 熟料 | D62: 权属调拨 | F62: ='[14]2'!$M$11+'[14]2'!$M$12+'[14]2'!$M$13+'[14]2'!$M$14+'[14]2'!$M$15+'[14]2'!$M$16+'[14]2'!$M$17+'[14]2'!$M$18 -> 18454.634 | G62: ='[14]2'!$N$11+'[14]2'!$N$12+'[14]2'!$N$13+'[14]2'!$N$14+'[14]2'!$N$15+'[14]2'!$N$16+'[14]2'!$N$17+'[14]2'!$N$18 -> 2278 | H62: =G62+'1'!H62 -> 2278 | I62: =H62+yc!I62 -> 838271.46 | J62: ='[14]2'!$Q$11+'[14]2'!$Q$12+'[14]2'!$Q$13+'[14]2'!$Q$14+'[14]2'!$Q$15+'[14]2'!$Q$16+'[14]2'!$Q$17+'[14]2'!$Q$18 -> 1911 | K62: =J62+'1'!K62 -> 3863 | L62: =K62+yc!L62 -> 838335.8 | M62: ='[14]2'!$T$11+'[14]2'!$T$12+'[14]2'!$T$13+'[14]2'!$T$14+'[14]2'!$T$15+'[14]2'!$T$16+'[14]2'!$T$17+'[14]2'!$T$18 -> 16869.634 | N62: =(M62+M63)/25000*100 -> 67.478536 | P62: 金银湖水泥 | Q62: ='[8]2'!$Q$71 -> 窑:续停。水泥磨:续停。
D63: 外购熟料 | F63: ='[14]2'!$M$19+'[14]2'!$M$20 -> -2.0037305e-12 | G63: ='[14]2'!$N$19+'[14]2'!$N$20 -> 0 | H63: =G63+'1'!H63 -> 0 | I63: =H63+yc!I63 -> 0 | J63: ='[14]2'!$Q$19+'[14]2'!$Q$20 -> 0 | K63: =J63+'1'!K63 -> 0 | L63: =K63+yc!L63 -> 0 | M63: ='[14]2'!$T$19+'[14]2'!$T$20 -> -2.0037305e-12
B64: 总销量 | H64: =G64+'1'!H64 -> 0 | I64: =H64+yc!I64 -> 0 | J64: =J65 -> 0 | K64: =J64+'1'!K64 -> 0 | L64: =K64+yc!L64 -> 0
B65: 水泥销售量 | E65: 120000 | H65: =G65+'1'!H65 -> 0 | I65: =H65+yc!I65 -> 0 | J65: =SUM(J66:J67) -> 0 | K65: =J65+'1'!K65 -> 0 | L65: =K65+yc!L65 -> 0 | P65: 顺昌炼石 | Q65: ='[8]2'!$Q$74 -> 1#窑:续停；2#窑:续停；1#磨:8:00-18:30避峰停机。2#磨:8:00-24:00避峰停机。3#磨:8:00-22:30避峰停机。
B66: 其 中 | C66: 袋装 | H66: =G66+'1'!H66 -> 0 | I66: =H66+yc!I66 -> 0 | K66: =J66+'1'!K66 -> 0 | L66: =K66+yc!L66 -> 0
C67: 散装 | H67: =G67+'1'!H67 -> 0 | I67: =H67+yc!I67 -> 0 | K67: =J67+'1'!K67 -> 0 | L67: =K67+yc!L67 -> 0
A68: 宁德建福 | B68: 水泥生产/出厂 | E68: 0 | F68: ='[15]2'!$D$6 -> 1502.56 | G68: ='[15]2'!$E$6 -> 0 | H68: =G68+'1'!H68 -> 0 | I68: =H68+yc!I68 -> 0 | J68: ='[15]2'!$H$6 -> 0 | K68: =J68+'1'!K68 -> 0 | L68: =K68+yc!L68 -> 0 | M68: ='[15]2'!$K$6 -> 1502.56 | N68: =M68/50000*100 -> 3.00512 | P68: 福州炼石 | Q68: ='[8]2'!$Q$77 -> 1#磨8:00-22:15避峰停机:14.25小时(避峰)。2#磨8:00-24:00避峰停机:16小时(避峰)。
B69: 熟料 | D69: 权属调拨 | F69: ='[15]2'!$D$43+'[15]2'!$D$44 -> 467.66 | G69: ='[15]2'!$E$43+'[15]2'!$E$44 -> 0 | H69: =G69+'1'!H69 -> 0 | I69: =H69+yc!I69 -> 0 | J69: ='[15]2'!$H$43+'[15]2'!$H$44 -> 0 | K69: =J69+'1'!K69 -> 0 | L69: =K69+yc!L69 -> 0 | M69: ='[15]2'!$K$43+'[15]2'!$K$44 -> 467.66 | N69: =(M69+M70)/50000*100 -> 0.93532
D70: 外购熟料 | F70: ='[15]2'!$D$45 -> 0 | G70: ='[15]2'!$E$45 -> 0 | H70: =G70+'1'!H70 -> 0 | I70: =H70+yc!I70 -> 0 | J70: ='[15]2'!$H$45 -> 0 | L70: =K70+yc!L70 -> 0 | M70: ='[15]2'!$K$45 -> 0
B71: 总销量 | H71: =G71+'1'!H71 -> 0 | I71: =H71+yc!I71 -> 0 | J71: =J72 -> 0 | K71: =J71+'1'!K71 -> 0 | L71: =K71+yc!L71 -> 0 | P71: 宁德建福 | Q71: ='[8]2'!$Q$80 -> 水泥磨:00：00-24:00续停机。
B72: 水泥销售量 | E72: 0 | H72: =G72+'1'!H72 -> 0 | I72: =H72+yc!I72 -> 0 | J72: =SUM(J73:J74) -> 0 | K72: =J72+'1'!K72 -> 0 | L72: =K72+yc!L72 -> 0
B73: 其 中 | C73: 袋装 | H73: =G73+'1'!H73 -> 0 | I73: =H73+yc!I73 -> 0 | K73: =J73+'1'!K73 -> 0 | L73: =K73+yc!L73 -> 0
C74: 散装 | H74: =G74+'1'!H74 -> 0 | I74: =H74+yc!I74 -> 0 | K74: =J74+'1'!K74 -> 0 | L74: =K74+yc!L74 -> 0 | P74: 安砂建福德化 | Q74: ='[8]2'!$Q$83 -> 2#磨：续停。
A75: 中转库 | B75: 总销量 | H75: =G75+'1'!H75 -> 0 | I75: =H75+yc!I75 -> 0 | J75: =J76 -> 0 | K75: =J75+'1'!K75 -> 0 | L75: =K75+yc!L75 -> 0
B76: 水泥销售量 | H76: =G76+'1'!H76 -> 0 | I76: =H76+yc!I76 -> 0 | J76: =SUM(J77:J78) -> 0 | K76: =J76+'1'!K76 -> 0 | L76: =K76+yc!L76 -> 0
B77: 其 中 | C77: 袋装 | H77: =G77+'1'!H77 -> 0 | I77: =H77+yc!I77 -> 0 | K77: =J77+'1'!K77 -> 0 | L77: =K77+yc!L77 -> 0 | O77: 备注
C78: 散装 | H78: =G78+'1'!H78 -> 0 | I78: =H78+yc!I78 -> 0 | K78: =J78+'1'!K78 -> 0 | L78: =K78+yc!L78 -> 0
A79: 安砂建福德化 | B79: 水泥生产/出厂 | E79: 18000 | G79: ='[16]2'!$E$7 -> 427.7 | H79: =G79+'1'!H79 -> 1110.54 | I79: =H79+yc!I79 -> 148239.01 | J79: ='[16]2'!$I$7 -> 437.5 | K79: =J79+'1'!K79 -> 915.5 | L79: =K79+yc!L79 -> 142806.95 | M79: ='[16]2'!$L$7 -> 5079.82 | N79: =M79/50000*100 -> 10.15964
B80: 熟料 | D80: 权属调拨 | G80: ='[16]2'!$R$15 -> 0 | H80: =G80+'1'!H80 -> 0 | I80: =H80+yc!I80 -> 0 | J80: ='[16]2'!$V$15 -> 0 | K80: =J80+'1'!K80 -> 0 | L80: =K80+yc!L80 -> 0 | M80: ='[16]2'!$Y$15 -> 0 | N80: =(M80+M81)/50000*100 -> 0
D81: 外购熟料 | H81: =G81+'1'!H81 -> 0 | I81: =H81+yc!I81 -> 0 | K81: =J81+'1'!K81 -> 0 | L81: =K81+yc!L81 -> 0
B82: 总销量 | H82: =G82+'1'!H82 -> 0 | I82: =H82+yc!I82 -> 0 | K82: =J82+'1'!K82 -> 0 | L82: =K82+yc!L82 -> 0
B83: 水泥销售量 | E83: 18000 | H83: =G83+'1'!H83 -> 0 | I83: =H83+yc!I83 -> 0 | K83: =J83+'1'!K83 -> 0 | L83: =K83+yc!L83 -> 0
B84: 其 中 | C84: 袋装 | H84: =G84+'1'!H84 -> 0 | I84: =H84+yc!I84 -> 0 | K84: =J84+'1'!K84 -> 0 | L84: =K84+yc!L84 -> 0
C85: 散装 | H85: =G85+'1'!H85 -> 0 | I85: =H85+yc!I85 -> 0 | K85: =J85+'1'!K85 -> 0 | L85: =K85+yc!L85 -> 0
S86: 报出时间： | T86: =NOW() -> 46062.75 | V86: =NOW() -> 46062.75

Sheet 3
A1: 福建水泥股份有限公司生产日报表
A2: 计量单位：吨 | E2: 序时进度 | I2: =3/31 -> 0.096774194 | N2: 45994 | Z2: 表号:福泥运统字001
A3: 项目 | E3: 月计划 | F3: 期初库存 | G3: 日生产/进厂 | H3: 月累计 | I3: 年累计 | J3: 日消耗/出厂 | K3: 月累计 | L3: 年累计 | M3: 期末库存 | N3: 库容率% | O3: 项目 | R3: 台时产量（t/h，kwh/t） | U3: 运转率（%） | X3: 运行时间（h）
R4: 日 | S4: 月 | T4: 年 | U4: 日 | V4: 月 | W4: 年 | X4: 日 | Y4: 月 | Z4: 年
A5: 公司合计 | B5: 水泥生产/出厂 | E5: =E21+E31+E41+E51+E61+E68+E79 -> 650000 | F5: =F21+F31+F41+F51+F61+F68+F79 -> 262736.85 | G5: =G21+G31+G41+G51+G61+G68+G79 -> 18368.54 | H5: =G5+'2'!H5 -> 51549.08 | I5: =H5+yc!I5 -> 6206415.1 | J5: =J21+J31+J41+J51+J61+J68+J79 -> 21662.303 | K5: =J5+'2'!K5 -> 68546.723 | L5: =K5+yc!L5 -> 6218617.9 | M5: =M21+M31+M41+M51+M61+M68+M79 -> 250623.99 | N5: =M5/374000*100 -> 67.011762 | O5: 主机设备运行情况 | P5: 安砂建福 | Q5: 回转窑1 | R5: ='[10]3'!$W$101 -> 272.45833 | S5: ='[10]3'!$X$101 -> 273.52778 | T5: ='[10]3'!$Y$101 -> 260.12312 | U5: ='[10]3'!$T$101 -> 100 | V5: ='[10]3'!$U$101 -> 100 | W5: ='[10]3'!$V$101 -> 64.976743 | X5: ='[10]3'!$Q$101 -> 24 | Y5: ='[10]3'!$R$101 -> 72 | Z5: ='[10]3'!$S$101 -> 5255.319
B6: 其 中 | C6: P.O52.5 | F6: ='[10]3'!$D$23+'[11]3'!$D$17+'[12]3'!$D$17+'[13]3'!$D$25+'[14]3'!$D$8+'[14]3'!$D$15+'[15]3'!$D$7 -> 32112.84 | G6: ='[10]3'!$E$23+'[11]3'!$E$17+'[12]3'!$E$17+'[13]3'!$E$25+'[14]3'!$E$8+'[14]3'!$E$15+'[15]3'!$E$7 -> 948 | H6: =G6+'2'!H6 -> 948 | I6: =H6+yc!I6 -> 277297.96 | J6: ='[10]3'!$I$23+'[11]3'!$I$17+'[12]3'!$I$17+'[13]3'!$I$25+'[14]3'!$E$23+'[14]3'!$E$30+'[15]3'!$H$7 -> 588.65 | K6: =J6+'2'!K6 -> 2366.01 | L6: =K6+yc!L6 -> 264563.71 | M6: ='[10]3'!$L$23+'[11]3'!$L$17+'[12]3'!$L$17+'[13]3'!$L$25+'[14]3'!$H$23+'[14]3'!$H$30+'[15]3'!$K$7 -> 30694.83 | Q6: 回转窑2 | R6: ='[10]3'!$W$102 -> 0 | S6: ='[10]3'!$X$102 -> 0 | T6: ='[10]3'!$Y$102 -> 240.28021 | U6: ='[10]3'!$T$102 -> 0 | V6: ='[10]3'!$U$102 -> 0 | W6: ='[10]3'!$V$102 -> 35.178029 | X6: ='[10]3'!$Q$102 -> 0 | Y6: ='[10]3'!$R$102 -> 0 | Z6: ='[10]3'!$S$102 -> 2845.199
C7: M22.5 | F7: ='[12]3'!$D$22 -> 0 | G7: ='[12]3'!$E$22 -> 0 | H7: =G7+'2'!H7 -> 0 | I7: =H7+yc!I7 -> 0 | J7: ='[12]3'!$I$22 -> 0 | K7: =J7+'2'!K7 -> 0 | L7: =K7+yc!L7 -> 0 | M7: ='[12]3'!$L$22 -> 0 | Q7: 水泥磨1 | R7: ='[10]3'!$W$107 -> 124.09972 | S7: ='[10]3'!$X$107 -> 125.23516 | T7: ='[10]3'!$Y$107 -> 131.84925 | U7: ='[10]3'!$T$107 -> 45.125 | V7: ='[10]3'!$U$107 -> 42.819444 | W7: ='[10]3'!$V$107 -> 31.111029 | X7: ='[10]3'!$Q$107 -> 10.83 | Y7: ='[10]3'!$R$107 -> 30.83 | Z7: ='[10]3'!$S$107 -> 2516.26
C8: P.042.5R | F8: ='[10]3'!$D$27+'[11]3'!$D$18+'[13]3'!$D$26+'[14]3'!$D$10+'[14]3'!$D$17+'[15]3'!$D$9 -> 41879.9 | G8: ='[10]3'!$E$27+'[11]3'!$E$18+'[13]3'!$E$26+'[14]3'!$E$10+'[14]3'!$E$17+'[15]3'!$E$9 -> 839 | H8: =G8+'2'!H8 -> 3494 | I8: =H8+yc!I8 -> 529030.99 | J8: ='[10]3'!$I$27+'[11]3'!$I$18+'[13]3'!$I$26+'[14]3'!$E$25+'[14]3'!$E$32+'[15]3'!$H$9 -> 2578.78 | K8: =J8+'2'!K8 -> 7567.41 | L8: =K8+yc!L8 -> 515312.12 | M8: ='[10]3'!$L$27+'[11]3'!$L$18+'[13]3'!$L$26+'[14]3'!$H$25+'[14]3'!$H$32+'[15]3'!$K$9 -> 37806.49 | Q8: 水泥磨2 | R8: ='[10]3'!$W$108 -> 126.08696 | S8: ='[10]3'!$X$108 -> 127.84848 | T8: ='[10]3'!$Y$108 -> 127.43054 | U8: ='[10]3'!$T$108 -> 47.916667 | V8: ='[10]3'!$U$108 -> 45.833333 | W8: ='[10]3'!$V$108 -> 27.569857 | X8: ='[10]3'!$Q$108 -> 11.5 | Y8: ='[10]3'!$R$108 -> 33 | Z8: ='[10]3'!$S$108 -> 2229.85
C9: P.042.5 | F9: ='[10]3'!$D$24+'[11]3'!$D$19+'[12]3'!$D$20+'[13]3'!$D$27+'[14]3'!$D$11+'[14]3'!$D$18+'[15]3'!$D$10 -> 110865.71 | G9: ='[10]3'!$E$24+'[11]3'!$E$19+'[12]3'!$E$20+'[13]3'!$E$27+'[14]3'!$E$11+'[14]3'!$E$18+'[15]3'!$E$10 -> 12047 | H9: =G9+'2'!H9 -> 34542 | I9: =H9+yc!I9 -> 4169930.9 | J9: ='[10]3'!$I$24+'[11]3'!$I$19+'[12]3'!$I$20+'[13]3'!$I$27+'[14]3'!$E$26+'[14]3'!$E$33+'[15]3'!$H$10 -> 13473.413 | K9: =J9+'2'!K9 -> 43852.103 | L9: =K9+yc!L9 -> 4141330.9 | M9: ='[10]3'!$L$24+'[11]3'!$L$19+'[12]3'!$L$20+'[13]3'!$L$27+'[14]3'!$H$26+'[14]3'!$H$33+'[15]3'!$K$10 -> 101555.61 | Q9: 水泥磨3 | R9: ='[10]3'!$W$109 -> 285.85497 | S9: ='[10]3'!$X$109 -> 275.47556 | T9: ='[10]3'!$Y$109 -> 271.3633 | U9: ='[10]3'!$T$109 -> 46.541667 | V9: ='[10]3'!$U$109 -> 47.458333 | W9: ='[10]3'!$V$109 -> 34.987141 | X9: ='[10]3'!$Q$109 -> 11.17 | Y9: ='[10]3'!$R$109 -> 34.17 | Z9: ='[10]3'!$S$109 -> 2829.76
C10: M32.5 | F10: ='[10]3'!$D$25+'[11]3'!$D$20+'[12]3'!$D$21+'[13]3'!$D$28+'[14]3'!$D$12+'[14]3'!$D$19+'[15]3'!$D$11 -> 61206.942 | G10: ='[10]3'!$E$25+'[11]3'!$E$20+'[12]3'!$E$21+'[13]3'!$E$28+'[14]3'!$E$12+'[14]3'!$E$19+'[15]3'!$E$11 -> 2979 | H10: =G10+'2'!H10 -> 7548 | I10: =H10+yc!I10 -> 925075.17 | J10: ='[10]3'!$I$25+'[11]3'!$I$20+'[12]3'!$I$21+'[13]3'!$I$28+'[14]3'!$E$27+'[14]3'!$E$34+'[15]3'!$H$11 -> 3320.54 | K10: =J10+'2'!K10 -> 10200.66 | L10: =K10+yc!L10 -> 907429.38 | M10: ='[10]3'!$L$25+'[11]3'!$L$20+'[12]3'!$L$21+'[13]3'!$L$28+'[14]3'!$H$27+'[14]3'!$H$34+'[15]3'!$K$11 -> 58554.282 | Q10: 水泥磨4 | R10: ='[10]3'!$W$110 -> 0 | S10: ='[10]3'!$X$110 -> 0 | T10: ='[10]3'!$Y$110 -> 268.85089 | U10: ='[10]3'!$T$110 -> 0 | V10: ='[10]3'!$U$110 -> 0 | W10: ='[10]3'!$V$110 -> 34.174827 | X10: ='[10]3'!$Q$110 -> 0 | Y10: ='[10]3'!$R$110 -> 0 | Z10: ='[10]3'!$S$110 -> 2764.06
C11: P.P32.5R | F11: ='[10]3'!$D$26+'[11]3'!$D$21+'[12]3'!$D$19+'[13]3'!$D$29+'[14]3'!$D$13+'[14]3'!$D$20 -> 0 | G11: ='[10]3'!$E$26+'[11]3'!$E$21+'[12]3'!$E$19+'[13]3'!$E$29+'[14]3'!$E$13+'[14]3'!$E$20 -> 0 | H11: =G11+'2'!H11 -> 0 | I11: =H11+yc!I11 -> 0 | J11: ='[10]3'!$I$26+'[11]3'!$I$21+'[12]3'!$I$19+'[13]3'!$I$29+'[14]3'!$E$28+'[14]3'!$E$35 -> 0 | K11: =J11+'2'!K11 -> 0 | L11: =K11+yc!L11 -> 0 | M11: ='[10]3'!$L$26+'[11]3'!$L$21+'[12]3'!$L$19+'[13]3'!$L$29+'[14]3'!$H$28+'[14]3'!$H$35 -> 0 | Q11: 德化1#
B12: 熟 料 | C12: 进厂 | D12: 自产 | E12: =E22+E32+E42+E52 -> 538000 | F12: =F22+F32+F42+F52+F62+F69 -> 374372.6 | G12: =G22+G32+G42+G52 -> 6539 | H12: =G12+'2'!H12 -> 21442 | I12: =H12+yc!I12 -> 4963833.2 | J12: =J22+J32+J42+J52+J62+J69 -> 16333.83 | K12: =J12+'2'!K12 -> 44600.451 | L12: =K12+yc!L12 -> 5073706.8 | M12: =M22+M32+M42+M52+M62+M69 -> 354701.25 | N12: =M12/439000*100 -> 80.797552 | Q12: 德化2# | R12: ='[16]3'!$W$40 -> 0 | S12: ='[16]3'!$X$40 -> 0 | T12: ='[16]3'!$Y$40 -> 0 | U12: ='[16]3'!$T$40 -> 0 | V12: ='[16]3'!$U$40 -> 0 | W12: ='[16]3'!$V$40 -> 0 | X12: ='[16]3'!$Q$40 -> 0 | Y12: ='[16]3'!$R$40 -> 0 | Z12: ='[16]3'!$S$40 -> 0
D13: 外购 | E13: =E23+E33+E43+E53+E63+E70 -> 0 | F13: =F23+F33+F43+F53+F63+F70 -> -2.0037305e-12 | G13: =G23+G33+G43+G53+G63+G70 -> 0 | H13: =G13+'2'!H13 -> 0 | I13: =H13+yc!I13 -> 0 | J13: =J23+J33+J43+J53+J63+J70 -> 0 | K13: =J13+'2'!K13 -> 0 | L13: =K13+yc!L13 -> 0 | M13: =M23+M33+M43+M53+M63+M70 -> -2.0037305e-12 | N13: =(M12+M13)/(315000+80000+150000)*100 -> 65.082799 | P13: 永安建福 | Q13: 回转窑 | R13: ='[11]3'!$W$68 -> 0 | S13: ='[11]3'!$X$68 -> 277.46032 | T13: ='[11]3'!$Y$68 -> 266.39434 | U13: ='[11]3'!$T$68 -> 0 | V13: ='[11]3'!$U$68 -> 8.75 | W13: ='[11]3'!$V$68 -> 70.991963 | X13: ='[11]3'!$Q$68 -> 0.00 | Y13: ='[11]3'!$R$68 -> 6.30 | Z13: ='[11]3'!$S$68 -> 5741.83
C14: 出厂 | D14: 权属调拨 | E14: =E24+E34+E44+E54 -> 0 | F14: =F24+F34+F44+F54 -> 0 | G14: =G24+G34+G44+G54+G62 -> 1876 | H14: =G14+'2'!H14 -> 4154 | I14: =H14+yc!I14 -> 968697.68 | J14: =J24+J34+J44+J54+J62 -> 5076.22 | K14: =J14+'2'!K14 -> 14048.366 | L14: =K14+yc!L14 -> 1806992.5 | M14: =M24+M34+M44+M54 -> 67564.78 | Q14: 水泥磨A1 | R14: ='[11]3'!$W$71 -> 230.67695 | S14: ='[11]3'!$X$71 -> 218.90134 | T14: ='[11]3'!$Y$71 -> 213.53736 | U14: ='[11]3'!$T$71 -> 48.625 | V14: ='[11]3'!$U$71 -> 38.430556 | W14: ='[11]3'!$V$71 -> 50.125742 | X14: ='[11]3'!$Q$71 -> 11.67 | Y14: ='[11]3'!$R$71 -> 27.67 | Z14: ='[11]3'!$S$71 -> 4054.17
D15: 外发熟料 | E15: =E25+E35+E45+E55 -> 0 | F15: =F25+F35+F45+F55 -> 0 | G15: =G25+G35+G45+G55 -> 0 | H15: =G15+'2'!H15 -> 0 | I15: =H15+yc!I15 -> 0 | J15: =J25+J35+J45+J55 -> 0 | K15: =J15+'2'!K15 -> 473.78 | L15: =K15+yc!L15 -> 115230.28 | Q15: 水泥磨D1 | R15: ='[11]3'!$W$72 -> 68.333333 | S15: ='[11]3'!$X$72 -> 67.262136 | T15: ='[11]3'!$Y$72 -> 61.321854 | U15: ='[11]3'!$T$72 -> 37.5 | V15: ='[11]3'!$U$72 -> 35.763889 | W15: ='[11]3'!$V$72 -> 50.621291 | X15: ='[11]3'!$Q$72 -> 9.00 | Y15: ='[11]3'!$R$72 -> 25.75 | Z15: ='[11]3'!$S$72 -> 4094.25
B16: 总销量 | E16: =E26+E36+E46+E56+E64+E71 -> 0 | G16: =G26+G36+G46+G56+G64+G71 -> 0 | H16: =G16+'2'!H16 -> 0 | I16: =H16+yc!I16 -> 0 | J16: =J26+J36+J46+J56+J64+J71+J75 -> 0 | K16: =J16+'2'!K16 -> 0 | L16: =K16+yc!L16 -> 0 | Q16: 水泥磨D2 | R16: ='[11]3'!$W$73 -> 67.111111 | S16: ='[11]3'!$X$73 -> 66.679612 | T16: ='[11]3'!$Y$73 -> 62.939635 | U16: ='[11]3'!$T$73 -> 37.5 | V16: ='[11]3'!$U$73 -> 35.763889 | W16: ='[11]3'!$V$73 -> 52.20042 | X16: ='[11]3'!$Q$73 -> 9.00 | Y16: ='[11]3'!$R$73 -> 25.75 | Z16: ='[11]3'!$S$73 -> 4221.97
B17: 水泥销售量 | E17: =E27+E37+E47+E57+E65+E72+E83 -> 650000 | G17: =G27+G37+G47+G57+G65+G72 -> 0 | H17: =G17+'2'!H17 -> 0 | I17: =H17+yc!I17 -> 0 | J17: =J27+J37+J47+J57+J65+J72+J76 -> 0 | K17: =J17+'2'!K17 -> 0 | L17: =K17+yc!L17 -> 0 | P17: 金银湖水泥 | Q17: 回转窑 | R17: ='[12]3'!$W$71 -> 0 | S17: ='[12]3'!$X$71 -> 0 | T17: ='[12]3'!$Y$71 -> 0 | U17: ='[12]3'!$T$71 -> 0 | V17: ='[12]3'!$U$71 -> 0 | W17: ='[12]3'!$V$71 -> 0 | X17: ='[12]3'!$Q$71 -> 0 | Y17: ='[12]3'!$R$71 -> 0 | Z17: ='[12]3'!$S$71 -> 0
B18: 其 中 | C18: 袋装 | E18: =E28+E38+E48+E58+E66+E73 -> 0 | G18: =G28+G38+G48+G58+G66+G73 -> 0 | H18: =G18+'2'!H18 -> 0 | I18: =H18+yc!I18 -> 0 | J18: =J28+J38+J48+J58+J66+J73 -> 0 | K18: =J18+'2'!K18 -> 0 | L18: =K18+yc!L18 -> 0 | Q18: 水泥磨1 | R18: ='[12]3'!$W$74 -> 0 | S18: ='[12]3'!$X$74 -> 0 | T18: ='[12]3'!$Y$74 -> 222.40493 | U18: ='[12]3'!$T$74 -> 0 | V18: ='[12]3'!$U$74 -> 0 | W18: ='[12]3'!$V$74 -> 6.9477003 | X18: ='[12]3'!$Q$74 -> 0 | Y18: ='[12]3'!$R$74 -> 0 | Z18: ='[12]3'!$S$74 -> 561.93
C19: 散装 | E19: =E29+E39+E49+E59+E67+E74 -> 0 | G19: =G29+G39+G49+G59+G67+G74 -> 0 | H19: =G19+'2'!H19 -> 0 | I19: =H19+yc!I19 -> 0 | J19: =J29+J39+J49+J59+J67+J74+J78 -> 0 | K19: =J19+'2'!K19 -> 0 | L19: =K19+yc!L19 -> 0 | P19: 顺昌炼石 | Q19: 回转窑1 | R19: ='[13]3'!$W$72 -> 1e-05 | S19: ='[13]3'!$X$72 -> 1e-05 | T19: ='[13]3'!$Y$72 -> 9.0988372e-06 | U19: ='[13]3'!$T$72 -> 4.1666667e-06 | V19: ='[13]3'!$U$72 -> 4.1666667e-06 | W19: ='[13]3'!$V$72 -> 4.2532146e-06 | X19: ='[13]3'!$Q$72 -> 1e-06 | Y19: ='[13]3'!$R$72 -> 3e-06 | Z19: ='[13]3'!$S$72 -> 0.000344
B20: 商品熟料 | E20: =E30+E40+E50+E60 -> 0 | G20: =G30+G40+G50+G60 -> 0 | H20: =G20+'2'!H20 -> 0 | I20: =H20+yc!I20 -> 0 | J20: =J30+J40+J50+J60 -> 0 | K20: =J20+'2'!K20 -> 0 | L20: =K20+yc!L20 -> 0 | Q20: 回转窑2 | R20: ='[13]3'!$W$73 -> 1e-05 | S20: ='[13]3'!$X$73 -> 1e-05 | T20: ='[13]3'!$Y$73 -> 239.29986 | U20: ='[13]3'!$T$73 -> 4.1666667e-06 | V20: ='[13]3'!$U$73 -> 4.1666667e-06 | W20: ='[13]3'!$V$73 -> 71.485291 | X20: ='[13]3'!$Q$73 -> 1e-06 | Y20: ='[13]3'!$R$73 -> 3e-06 | Z20: ='[13]3'!$S$73 -> 5781.7303
A21: 安砂建福 | B21: 水泥生产/出厂 | E21: 190000 | F21: ='[10]3'!$D$22 -> 83053.31 | G21: ='[10]3'!$E$22 -> 5987 | H21: =G21+'2'!H21 -> 17493 | I21: =H21+yc!I21 -> 2126931 | J21: ='[10]3'!$I$22 -> 8402.84 | K21: =J21+'2'!K21 -> 22965.1 | L21: =K21+yc!L21 -> 2089419.1 | M21: ='[10]3'!$L$22 -> 77581.21 | N21: =M21/47000*100 -> 165.0664 | Q21: 水泥磨3 | R21: ='[13]3'!$W$81 -> 279.70028 | S21: ='[13]3'!$X$81 -> 276.24249 | T21: ='[13]3'!$Y$81 -> 275.68634 | U21: ='[13]3'!$T$81 -> 40.623843 | V21: ='[13]3'!$U$81 -> 40.971451 | W21: ='[13]3'!$V$81 -> 36.167937 | X21: ='[13]3'!$Q$81 -> 9.7497222 | Y21: ='[13]3'!$R$81 -> 29.499444 | Z21: ='[13]3'!$S$81 -> 2925.2628
B22: 熟 料 | C22: 进厂 | D22: 自产 | E22: 163000 | F22: ='[10]3'!$D$17 -> 189966.35 | G22: ='[10]3'!$E$17 -> 6539 | H22: =G22+'2'!H22 -> 19694 | I22: =H22+yc!I22 -> 2050675 | J22: ='[10]3'!$I$17 -> 6018.88 | K22: =J22+'2'!K22 -> 17811.03 | L22: =K22+yc!L22 -> 1909272.4 | M22: ='[10]3'!$L$17 -> 191849.32 | N22: =(M22+M23)/(50000+150000)*100 -> 95.924661 | Q22: 水泥磨1 | R22: ='[13]3'!$W$79 -> 113.08448 | S22: ='[13]3'!$X$79 -> 105.27189 | T22: ='[13]3'!$Y$79 -> 102.29188 | U22: ='[13]3'!$T$79 -> 38.540509 | V22: ='[13]3'!$U$79 -> 53.934414 | W22: ='[13]3'!$V$79 -> 45.454892 | X22: ='[13]3'!$Q$79 -> 9.2497222 | Y22: ='[13]3'!$R$79 -> 38.832778 | Z22: ='[13]3'!$S$79 -> 3676.3917
D23: 外购 | F23: ='[10]3'!$D$20 -> 0 | G23: ='[10]3'!$E$20 -> 0 | H23: =G23+'2'!H23 -> 0 | I23: =H23+yc!I23 -> 0 | J23: ='[10]3'!$I$20 -> 0 | K23: =J23+'2'!K23 -> 0 | L23: =K23+yc!L23 -> 0 | M23: ='[10]3'!$L$21 -> 0 | Q23: 水泥磨2 | R23: ='[13]3'!$W$80 -> 74.459195 | S23: ='[13]3'!$X$80 -> 78.125543 | T23: ='[13]3'!$Y$80 -> 79.112449 | U23: ='[13]3'!$T$80 -> 99.998843 | V23: ='[13]3'!$U$80 -> 55.55517 | W23: ='[13]3'!$V$80 -> 32.700984 | X23: ='[13]3'!$Q$80 -> 23.999722 | Y23: ='[13]3'!$R$80 -> 39.999722 | Z23: ='[13]3'!$S$80 -> 2644.8556
C24: 出厂 | D24: 权属调拨 | F24: ='[10]3'!$D$21 -> 0 | G24: ='[10]3'!$E$56 -> 0 | H24: =G24+'2'!H24 -> 0 | I24: =H24+yc!I24 -> 0 | J24: ='[10]3'!$I$56 -> 2037.88 | K24: =J24+'2'!K24 -> 5372.25 | L24: =K24+yc!L24 -> 285198.78 | M24: ='[10]3'!$L$20 -> 0 | P24: 福州炼石 | Q24: 水泥磨1 | R24: ='[14]3'!$R$6 -> 86.777778 | S24: ='[14]3'!$S$6 -> 87.087719 | T24: ='[14]3'!$T$6 -> 86.167174 | U24: ='[14]3'!$O$6 -> 37.5 | V24: ='[14]3'!$P$6 -> 39.583333 | W24: ='[14]3'!$Q$6 -> 52.205984 | X24: ='[14]3'!$L$6 -> 9 | Y24: ='[14]3'!$M$6 -> 28.5 | Z24: ='[14]3'!$N$6 -> 4222.42
D25: 外发熟料 | G25: ='[10]3'!$E$69 -> 0 | H25: =G25+'2'!H25 -> 0 | I25: =H25+yc!I25 -> 0 | J25: ='[10]3'!$I$69 -> 0 | K25: =J25+'2'!K25 -> 473.78 | L25: =K25+yc!L25 -> 79794.63 | Q25: 水泥磨2 | R25: ='[14]3'!$R$7 -> 202.5 | S25: ='[14]3'!$S$7 -> 197.51456 | T25: ='[14]3'!$T$7 -> 187.63465 | U25: ='[14]3'!$O$7 -> 33.333333 | V25: ='[14]3'!$P$7 -> 35.763889 | W25: ='[14]3'!$Q$7 -> 50.053536 | X25: ='[14]3'!$L$7 -> 8 | Y25: ='[14]3'!$M$7 -> 25.75 | Z25: ='[14]3'!$N$7 -> 4048.33
B26: 总销量 | H26: =G26+'2'!H26 -> 0 | I26: =H26+yc!I26 -> 0 | J26: =J27+J30 -> 0 | K26: =J26+'2'!K26 -> 0 | L26: =K26+yc!L26 -> 0 | P26: 宁德建福 | Q26: 水泥磨2 | R26: ='[15]3'!$I$38 -> 0 | S26: ='[15]3'!$J$38 -> 0 | T26: ='[15]3'!$K$38 -> 0 | U26: ='[15]3'!$F$38 -> 0 | V26: ='[15]3'!$G$38 -> 0 | W26: ='[15]3'!$H$38 -> 0 | X26: ='[15]3'!$C$38 -> 0 | Y26: ='[15]3'!$D$38 -> 0 | Z26: ='[15]3'!$E$38 -> 0
B27: 水泥销售量 | E27: 190000 | H27: =G27+'2'!H27 -> 0 | I27: =H27+yc!I27 -> 0 | J27: =SUM(J28:J29) -> 0 | K27: =J27+'2'!K27 -> 0 | L27: =K27+yc!L27 -> 0 | O27: 余热发电 | P27: 永安建福 | R27: ='[11]3'!$W$69 -> 0 | S27: ='[11]3'!$X$69 -> 22.311785 | T27: ='[11]3'!$Y$69 -> 25.371763 | U27: ='[11]3'!$T$69 -> 0 | V27: ='[11]3'!$U$69 -> 8.7916667 | W27: ='[11]3'!$V$69 -> 67.843966 | X27: ='[11]3'!$Q$69 -> 0.00 | Y27: ='[11]3'!$R$69 -> 6.33 | Z27: ='[11]3'!$S$69 -> 5487.22
B28: 其 中 | C28: 袋装 | H28: =G28+'2'!H28 -> 0 | I28: =H28+yc!I28 -> 0 | K28: =J28+'2'!K28 -> 0 | L28: =K28+yc!L28 -> 0 | P28: 安砂建福1# | R28: ='[10]3'!$W$104 -> 27.894173 | S28: ='[10]3'!$X$104 -> 28.516299 | T28: ='[10]3'!$Y$104 -> 25.980557 | U28: ='[10]3'!$T$104 -> 100 | V28: ='[10]3'!$U$104 -> 100 | W28: ='[10]3'!$V$104 -> 64.689045 | X28: ='[10]3'!$Q$104 -> 24 | Y28: ='[10]3'!$R$104 -> 72 | Z28: ='[10]3'!$S$104 -> 5232.05
C29: 散装 | H29: =G29+'2'!H29 -> 0 | I29: =H29+yc!I29 -> 0 | K29: =J29+'2'!K29 -> 0 | L29: =K29+yc!L29 -> 0 | P29: 安砂建福2# | R29: ='[10]3'!$W$105 -> 0 | S29: ='[10]3'!$X$105 -> 0 | T29: ='[10]3'!$Y$105 -> 29.934238 | U29: ='[10]3'!$T$105 -> 0 | V29: ='[10]3'!$U$105 -> 0 | W29: ='[10]3'!$V$105 -> 34.670895 | X29: ='[10]3'!$Q$105 -> 0 | Y29: ='[10]3'!$R$105 -> 0 | Z29: ='[10]3'!$S$105 -> 2804.182
B30: 商品熟料 | H30: =G30+'2'!H30 -> 0 | I30: =H30+yc!I30 -> 0 | K30: =J30+'2'!K30 -> 0 | L30: =K30+yc!L30 -> 0 | P30: 金银湖水泥 | R30: ='[12]3'!$W$72 -> 0 | S30: ='[12]3'!$X$72 -> 0 | T30: ='[12]3'!$Y$72 -> 0 | U30: ='[12]3'!$T$72 -> 0 | V30: ='[12]3'!$U$72 -> 0 | W30: ='[12]3'!$V$72 -> 0 | X30: ='[12]3'!$Q$72 -> 0 | Y30: ='[12]3'!$R$72 -> 0 | Z30: ='[12]3'!$S$72 -> 0
A31: 永安建福 | B31: 水泥生产/出厂 | E31: 150000 | F31: ='[11]3'!$D$16 -> 65429.37 | G31: ='[11]3'!$E$16 -> 3911 | H31: =G31+'2'!H31 -> 9506 | I31: =H31+yc!I31 -> 1382513 | J31: ='[11]3'!$I$16 -> 3666.18 | K31: =J31+'2'!K31 -> 14662.2 | L31: =K31+yc!L31 -> 1370710.3 | M31: ='[11]3'!$L$16 -> 60273.17 | N31: =M31/75000*100 -> 80.364227
B32: 熟 料 | C32: 进厂 | D32: 自产 | E32: 200000 | F32: ='[11]3'!$D$13 -> 60437.506 | G32: ='[11]3'!$E$13 -> 0 | H32: =G32+'2'!H32 -> 1748 | I32: =H32+yc!I32 -> 1529591 | J32: ='[11]3'!$I$13 -> 2997 | K32: =J32+'2'!K32 -> 7202 | L32: =K32+yc!L32 -> 1028680 | M32: ='[11]3'!$L$13 -> 54316.616 | N32: =(M32+M33)/50000*100 -> 108.63323 | P32: 顺昌炼石1# | R32: ='[13]3'!$W$76 -> 0 | S32: ='[13]3'!$X$76 -> 0 | T32: ='[13]3'!$Y$76 -> 0 | U32: ='[13]3'!$T$76 -> 4.1666667e-11 | V32: ='[13]3'!$U$76 -> 2.7777778e-11 | W32: ='[13]3'!$V$76 -> 4.1048467e-11 | X32: ='[13]3'!$Q$76 -> 1e-11 | Y32: ='[13]3'!$R$76 -> 2e-11 | Z32: ='[13]3'!$S$76 -> 3.32e-09
D33: 外购 | G33: ='[11]3'!$E$14 -> 0 | H33: =G33+'2'!H33 -> 0 | I33: =H33+yc!I33 -> 0 | J33: ='[11]3'!$I$14 -> 0 | K33: =J33+'2'!K33 -> 0 | L33: =K33+yc!L33 -> 0 | M33: ='[11]3'!$L$14 -> 0 | P33: 顺昌炼石2# | R33: ='[13]3'!$W$77 -> 0 | S33: ='[13]3'!$X$77 -> 0 | T33: ='[13]3'!$Y$77 -> 19.77 | U33: ='[13]3'!$T$77 -> 4.1666667e-11 | V33: ='[13]3'!$U$77 -> 1.3888889e-11 | W33: ='[13]3'!$V$77 -> 62.559594 | X33: ='[13]3'!$Q$77 -> 1e-11 | Y33: ='[13]3'!$R$77 -> 1e-11 | Z33: ='[13]3'!$S$77 -> 5059.82
C34: 出厂 | D34: 权属调拨 | G34: ='[11]3'!$E$50 -> 0 | H34: =G34+'2'!H34 -> 0 | I34: =H34+yc!I34 -> 0 | J34: ='[11]3'!$I$50 -> 0 | K34: =J34+'2'!K34 -> 666.89 | L34: =K34+yc!L34 -> 467869.82 | M34: ='[11]3'!$L$15 -> 0
D35: 外发熟料 | G35: ='[11]3'!$E$64 -> 0 | H35: =G35+'2'!H35 -> 0 | I35: =H35+yc!I35 -> 0 | J35: ='[11]3'!$I$64 -> 0 | K35: =J35+'2'!K35 -> 0 | L35: =K35+yc!L35 -> 0
B36: 总销量 | H36: =G36+'2'!H36 -> 0 | I36: =H36+yc!I36 -> 0 | J36: =J37+J40 -> 0 | K36: =J36+'2'!K36 -> 0 | L36: =K36+yc!L36 -> 0 | P36: 材料名称 | R36: 计划 | S36: 期初库存 | T36: 日进厂 | U36: 月累 进厂 | V36: 年累 进厂 | W36: 日消耗 | X36: 月累消耗 | Y36: 年累消耗 | Z36: 期末库存
B37: 水泥销售量 | E37: 150000 | H37: =G37+'2'!H37 -> 0 | I37: =H37+yc!I37 -> 0 | J37: =SUM(J38:J39) -> 0 | K37: =J37+'2'!K37 -> 0 | L37: =K37+yc!L37 -> 0 | O37: 主 要 原 燃 材 料 动 态 | P37: 安砂建福 | Q37: 无烟煤 | R37: ='[10]3'!$P$7 -> 0 | S37: ='[10]3'!$Q$7 -> 0 | T37: ='[10]3'!$R$7 -> 0 | U37: =T37+'2'!U37 -> 0 | V37: =U37+yc!V37 -> 0 | W37: ='[10]3'!$V$7 -> 0 | X37: =W37+'2'!X37 -> 0 | Y37: =X37+yc!Y37 -> 0 | Z37: ='[10]3'!$Y$7 -> 0
B38: 其 中 | C38: 袋装 | H38: =G38+'2'!H38 -> 0 | I38: =H38+yc!I38 -> 0 | K38: =J38+'2'!K38 -> 0 | L38: =K38+yc!L38 -> 0 | Q38: 烟煤 | R38: ='[10]3'!$P$10 -> 0 | S38: ='[10]3'!$Q$10 -> 9645.331 | T38: ='[10]3'!$R$10 -> 193.24 | U38: =T38+'2'!U38 -> 2026.56 | V38: =U38+yc!V38 -> 261166.28 | W38: ='[10]3'!$V$10 -> 820 | X38: =W38+'2'!X38 -> 2468 | Y38: =X38+yc!Y38 -> 258575 | Z38: ='[10]3'!$Y$10 -> 9203.891
C39: 散装 | H39: =G39+'2'!H39 -> 0 | I39: =H39+yc!I39 -> 0 | K39: =J39+'2'!K39 -> 0 | L39: =K39+yc!L39 -> 0 | Q39: 石膏 | R39: ='[10]3'!$P$50 -> 0 | S39: ='[10]3'!$Q$50 -> 1231.546 | T39: ='[10]3'!$R$50 -> 369.32 | U39: =T39+'2'!U39 -> 965.98 | V39: =U39+yc!V39 -> 79779.579 | W39: ='[10]3'!$V$50 -> 233 | X39: =W39+'2'!X39 -> 728 | Y39: =X39+yc!Y39 -> 79487 | Z39: ='[10]3'!$Y$50 -> 1469.526
B40: 商品熟料 | H40: =G40+'2'!H40 -> 0 | I40: =H40+yc!I40 -> 0 | K40: =J40+'2'!K40 -> 0 | L40: =K40+yc!L40 -> 0 | Q40: 铁粉 | R40: ='[10]3'!$P$44 -> 0 | S40: ='[10]3'!$Q$44 -> 0 | T40: ='[10]3'!$R$44 -> 0 | U40: ='[10]3'!$S$44 -> 0 | V40: ='[10]3'!$T$44 -> 0 | W40: ='[10]3'!$V$44 -> 0 | X40: ='[10]3'!$W$44 -> 0 | Y40: ='[10]3'!$X$44 -> 0 | Z40: ='[10]3'!$Y$44 -> 0
A41: 金银湖水泥 | B41: 水泥生产/出厂 | E41: 12000 | F41: ='[12]3'!$D$16 -> 26129.76 | G41: ='[12]3'!$E$16 -> 0 | H41: =G41+'2'!H41 -> 0 | I41: =H41+yc!I41 -> 124976 | J41: ='[12]3'!$I$16 -> 434.5 | K41: =J41+'2'!K41 -> 1193 | L41: =K41+yc!L41 -> 122586.54 | M41: ='[12]3'!$L$16 -> 24936.76 | N41: =M41/30000*100 -> 83.122533 | P41: 永安建福 | Q41: 无烟煤 | R41: ='[11]3'!$P$7 -> 0 | S41: ='[11]3'!$Q$7 -> 0.621 | T41: ='[11]3'!$R$7 -> 0 | U41: =T41+'2'!U41 -> 0 | V41: =U41+yc!V41 -> 0.621 | W41: ='[11]3'!$V$7 -> 0 | X41: =W41+'2'!X41 -> 0 | Y41: =X41+yc!Y41 -> 9.4591002e-14 | Z41: ='[11]3'!$Y$7 -> 0.621
B42: 熟 料 | C42: 进厂 | D42: 自产 | E42: 0 | F42: ='[12]3'!$D$13 -> 0 | G42: ='[12]3'!$E$13 -> 0 | H42: =G42+'2'!H42 -> 0 | I42: =H42+yc!I42 -> 0 | J42: ='[12]3'!$I$13 -> 0 | K42: =J42+'2'!K42 -> 0 | L42: =K42+yc!L42 -> 0 | M42: ='[12]3'!$L$13 -> 0 | N42: =(M42+M43)/50000*100 -> 0 | Q42: 烟煤 | R42: ='[11]3'!$P$8 -> 14000 | S42: ='[11]3'!$Q$8 -> 8478.836 | T42: ='[11]3'!$R$8 -> 1555.8 | U42: =T42+'2'!U42 -> 2592.9 | V42: =U42+yc!V42 -> 210179.87 | W42: ='[11]3'!$V$8 -> 0 | X42: =W42+'2'!X42 -> 221 | Y42: =X42+yc!Y42 -> 202692 | Z42: ='[11]3'!$Y$8 -> 10850.736
D43: 外购 | F43: ='[12]3'!$D$14 -> 0 | G43: ='[12]3'!$E$14 -> 0 | H43: =G43+'2'!H43 -> 0 | I43: =H43+yc!I43 -> 0 | J43: ='[12]3'!$I$14 -> 0 | K43: =J43+'2'!K43 -> 0 | L43: =K43+yc!L43 -> 0 | M43: ='[12]3'!$L$14 -> 0 | Q43: 混合煤
C44: 出厂 | D44: 权属调拨 | G44: ='[12]3'!$E$44 -> 0 | H44: =G44+'2'!H44 -> 0 | I44: =H44+yc!I44 -> 128550.22 | J44: ='[12]3'!$I$44 -> 0 | K44: =J44+'2'!K44 -> 0 | L44: =K44+yc!L44 -> 0 | M44: ='[12]3'!$L$15 -> 67564.78 | Q44: 石膏 | R44: ='[11]3'!$P$29 -> 8000 | S44: ='[11]3'!$Q$29 -> 2299.457 | T44: ='[11]3'!$R$29 -> 0 | U44: =T44+'2'!U44 -> 0 | V44: =U44+yc!V44 -> 64753.168 | W44: ='[11]3'!$V$29 -> 161 | X44: =W44+'2'!X44 -> 388 | Y44: =X44+yc!Y44 -> 66798 | Z44: ='[11]3'!$Y$29 -> 1911.457
D45: 外发熟料 | G45: ='[12]3'!$E$55 -> 0 | H45: =G45+'2'!H45 -> 0 | I45: =H45+yc!I45 -> 0 | J45: ='[12]3'!$I$55 -> 0 | K45: =J45+'2'!K45 -> 0 | L45: =K45+yc!L45 -> 0 | Q45: 铁粉 | R45: ='[11]3'!$P$23 -> 0 | S45: ='[11]3'!$Q$23 -> 0 | T45: ='[11]3'!$R$23 -> 0 | U45: ='[11]3'!$S$23 -> 0 | V45: ='[11]3'!$T$23 -> 1.329 | W45: ='[11]3'!$V$23 -> 0 | X45: ='[11]3'!$W$23 -> 0 | Y45: ='[11]3'!$X$23 -> 1.329 | Z45: ='[11]3'!$Y$23 -> 0
B46: 总销量 | H46: =G46+'2'!H46 -> 0 | I46: =H46+yc!I46 -> 0 | J46: =J47+J50 -> 0 | K46: =J46+'2'!K46 -> 0 | L46: =K46+yc!L46 -> 0 | P46: 金银湖水泥 | Q46: 无烟煤 | R46: ='[12]3'!$P$7 -> 0 | S46: ='[12]3'!$Q$7 -> 0 | T46: ='[12]3'!$R$7 -> 0 | U46: =T46+'2'!U46 -> 0 | V46: =U46+yc!V46 -> 0 | W46: ='[12]3'!$V$7 -> 0 | X46: =W46+'2'!X46 -> 0 | Y46: =X46+yc!Y46 -> 0 | Z46: ='[12]3'!$Y$7 -> 0
B47: 水泥销售量 | E47: 12000 | H47: =G47+'2'!H47 -> 0 | I47: =H47+yc!I47 -> 0 | J47: =SUM(J48:J49) -> 0 | K47: =J47+'2'!K47 -> 0 | L47: =K47+yc!L47 -> 0 | Q47: 烟煤 | R47: ='[12]3'!$P$8 -> 0 | S47: ='[12]3'!$Q$8 -> 0 | T47: ='[12]3'!$R$8 -> 0 | U47: =T47+'2'!U47 -> 0 | V47: =U47+yc!V47 -> 0 | W47: ='[12]3'!$V$8 -> 0 | X47: =W47+'2'!X47 -> 0 | Y47: =X47+yc!Y47 -> 0 | Z47: ='[12]3'!$Y$8 -> 0
B48: 其 中 | C48: 袋装 | H48: =G48+'2'!H48 -> 0 | I48: =H48+yc!I48 -> 0 | K48: =J48+'2'!K48 -> 0 | L48: =K48+yc!L48 -> 0 | Q48: 石膏 | R48: ='[12]3'!$P$34 -> 0 | S48: ='[12]3'!$Q$34 -> 1585.503 | T48: ='[12]3'!$R$34 -> 0 | U48: =T48+'2'!U48 -> 0 | V48: =U48+yc!V48 -> 6026.53 | W48: ='[12]3'!$V$8 -> 0 | X48: =W48+'2'!X48 -> 0 | Y48: =X48+yc!Y48 -> 0 | Z48: ='[12]3'!$Y$8 -> 0
C49: 散装 | H49: =G49+'2'!H49 -> 0 | I49: =H49+yc!I49 -> 0 | K49: =J49+'2'!K49 -> 0 | L49: =K49+yc!L49 -> 0 | P49: 顺昌炼石 | Q49: 烟煤 | R49: ='[13]3'!$P$8 -> 15340 | S49: ='[13]3'!$Q$8 -> 10593.625 | T49: ='[13]3'!$R$8 -> 0 | U49: =T49+'2'!U49 -> 0 | V49: =U49+yc!V49 -> 179888.95 | W49: ='[13]3'!$V$8 -> 0 | X49: =W49+'2'!X49 -> 0 | Y49: =X49+yc!Y49 -> 176530.34 | Z49: ='[13]3'!$Y$8 -> 10593.625
B50: 商品熟料 | H50: =G50+'2'!H50 -> 0 | I50: =H50+yc!I50 -> 0 | K50: =J50+'2'!K50 -> 0 | L50: =K50+yc!L50 -> 0 | Q50: 无烟煤 | R50: ='[13]3'!$P$7 -> 200 | S50: ='[13]3'!$Q$7 -> 0 | T50: ='[13]3'!$R$7 -> 0 | U50: =T50+'2'!U50 -> 0 | V50: =U50+yc!V50 -> 0 | W50: ='[13]3'!$V$7 -> 0 | X50: =W50+'2'!X50 -> 0 | Y50: =X50+yc!Y50 -> 0 | Z50: ='[13]3'!$Y$7 -> 0
A51: 顺昌炼石 | B51: 水泥生产/出厂 | E51: 160000 | F51: ='[13]3'!$D$24 -> 48852.684 | G51: ='[13]3'!$E$24 -> 5560 | H51: =G51+'2'!H51 -> 15362 | I51: =H51+yc!I51 -> 1391761 | J51: ='[13]3'!$I$24 -> 5285.163 | K51: =J51+'2'!K51 -> 17865.843 | L51: =K51+yc!L51 -> 1380989.8 | M51: ='[13]3'!$L$24 -> 46348.841 | N51: =M51/45000*100 -> 102.99742 | Q51: 石膏 | R51: ='[13]3'!$P$30 -> 8550 | S51: ='[13]3'!$Q$30 -> 3251.374 | T51: ='[13]3'!$R$30 -> 110.24 | U51: =T51+'2'!U51 -> 714.1 | V51: =U51+yc!V51 -> 63712.571 | W51: ='[13]3'!$V$30 -> 236.68 | X51: =W51+'2'!X51 -> 661.188 | Y51: =X51+yc!Y51 -> 61277.425 | Z51: ='[13]3'!$Y$30 -> 3304.286
B52: 熟 料 | C52: 进厂 | D52: 自产 | E52: 175000 | F52: ='[13]3'!$D$19 -> 105046.44 | G52: ='[13]3'!$E$19 -> 2e-11 | H52: =G52+'2'!H52 -> 6e-11 | I52: =H52+yc!I52 -> 1383567.2 | J52: ='[13]3'!$I$19 -> 5626.95 | K52: =J52+'2'!K52 -> 14033.421 | L52: =K52+yc!L52 -> 1295727.6 | M52: ='[13]3'!$L$19 -> 91013.022 | N52: =(M52+M53)/(65000+80000)*100 -> 62.767601 | Q52: 铁粉
D53: 外购 | F53: ='[13]3'!$D$22 -> 0 | G53: ='[13]3'!$E$22 -> 0 | H53: =G53+'2'!H53 -> 0 | I53: =H53+yc!I53 -> 0 | J53: ='[13]3'!$I$22 -> 0 | K53: =J53+'2'!K53 -> 0 | L53: =K53+yc!L53 -> 0 | M53: ='[13]3'!$L$23 -> 0 | P53: 福州炼石 | Q53: 石膏 | S53: ='[14]3'!$M$21+'[14]3'!$M$22+'[14]3'!$M$35 -> 1648.947 | T53: ='[14]3'!$N$21+'[14]3'!$N$22+'[14]3'!$N$35 -> 42.74 | U53: =T53+'2'!U53 -> 130.57 | V53: =U53+yc!V53 -> 38464.997 | W53: ='[14]3'!$Q$21+'[14]3'!$Q$22+'[14]3'!$Q$35 -> 85 | X53: =W53+'2'!X53 -> 217 | Y53: =X53+yc!Y53 -> 39708 | Z53: ='[14]3'!$T$21+'[14]3'!$T$22+'[14]3'!$T$35 -> 1562.517
C54: 出厂 | D54: 权属调拨 | G54: ='[13]3'!$E$23 -> 0 | H54: =G54+'2'!H54 -> 0 | I54: =H54+yc!I54 -> 0 | J54: ='[13]3'!$I$47 -> 1347.34 | K54: =J54+'2'!K54 -> 2455.226 | L54: =K54+yc!L54 -> 213897.08 | M54: ='[13]3'!$L$22 -> 0 | P54: 宁德建福 | Q54: 石膏 | R54: ='[15]3'!$C$43 -> 0 | S54: ='[15]3'!$D$43 -> 467.66 | T54: ='[15]3'!$E$43 -> 0 | U54: =T54+'2'!U54 -> 0 | V54: =U54+yc!V54 -> 0 | W54: ='[15]3'!$H$43 -> 0 | X54: =W54+'2'!X54 -> 0 | Y54: =X54+yc!Y54 -> 0 | Z54: ='[15]3'!$K$43 -> 467.66
D55: 外发熟料 | G55: ='[13]3'!$E$63 -> 0 | H55: =G55+'2'!H55 -> 0 | I55: =H55+yc!I55 -> 0 | J55: ='[13]3'!$I$63 -> 0 | K55: =J55+'2'!K55 -> 0 | L55: =K55+yc!L55 -> 35435.65 | P55: 德化 | Q55: 石膏 | R55: ='[16]3'!$P$7 -> 0 | S55: ='[16]3'!$Q$7 -> 0 | T55: ='[16]3'!$R$7 -> 0 | U55: ='[16]3'!$S$7 -> 0 | V55: ='[16]3'!$T$7 -> 0 | W55: ='[16]3'!$V$7 -> 0 | X55: ='[16]3'!$W$7 -> 0 | Y55: ='[16]3'!$X$7 -> 0 | Z55: ='[16]3'!$Y$7 -> 0
B56: 总销量 | H56: =G56+'2'!H56 -> 0 | I56: =H56+yc!I56 -> 0 | J56: =J57+J60 -> 0 | K56: =J56+'2'!K56 -> 0 | L56: =K56+yc!L56 -> 0 | O56: 设备运行状况 | P56: 安砂建福 | Q56: ='[8]3'!$Q$62 -> 1#窑:正常。2#窑:续停。水泥磨:1#磨：10:00-23:10避峰停机；2#磨：10:00-22:30避峰停机；3#磨：9:20-22:10避峰停机；4#磨：大修续停。
B57: 水泥销售量 | E57: 160000 | H57: =G57+'2'!H57 -> 0 | I57: =H57+yc!I57 -> 0 | J57: =SUM(J58:J59) -> 0 | K57: =J57+'2'!K57 -> 0 | L57: =K57+yc!L57 -> 0
B58: 其 中 | C58: 袋装 | H58: =G58+'2'!H58 -> 0 | I58: =H58+yc!I58 -> 0 | K58: =J58+'2'!K58 -> 0 | L58: =K58+yc!L58 -> 0
C59: 散装 | H59: =G59+'2'!H59 -> 0 | I59: =H59+yc!I59 -> 0 | K59: =J59+'2'!K59 -> 0 | L59: =K59+yc!L59 -> 0 | P59: 永安建福 | Q59: ='[8]3'!$Q$65 -> 窑:0:00-6:03续停，6:03-24:00转错峰停机（错峰）。A组磨：11:40-24:00避峰停机。D1#磨：9:00-24:00避峰停机，D2#磨：9:00-24:00避峰停机。
B60: 商品熟料 | H60: =G60+'2'!H60 -> 0 | I60: =H60+yc!I60 -> 0 | K60: =J60+'2'!K60 -> 0 | L60: =K60+yc!L60 -> 0
A61: 福州炼石 | B61: 水泥生产/出厂 | E61: 120000 | F61: ='[14]3'!$D$6 -> 37769.17 | G61: ='[14]3'!$E$6 -> 2401 | H61: =G61+'2'!H61 -> 7568 | I61: =H61+yc!I61 -> 1123441 | J61: ='[14]3'!$E$21 -> 3263.62 | K61: =J61+'2'!K61 -> 10335.08 | L61: =K61+yc!L61 -> 1111495.2 | M61: ='[14]3'!$H$6 -> 35002.09 | N61: =M61/52000*100 -> 67.311712
B62: 熟料 | D62: 权属调拨 | F62: ='[14]3'!$M$11+'[14]3'!$M$12+'[14]3'!$M$13+'[14]3'!$M$14+'[14]3'!$M$15+'[14]3'!$M$16+'[14]3'!$M$17+'[14]3'!$M$18 -> 18454.634 | G62: ='[14]3'!$N$11+'[14]3'!$N$12+'[14]3'!$N$13+'[14]3'!$N$14+'[14]3'!$N$15+'[14]3'!$N$16+'[14]3'!$N$17+'[14]3'!$N$18 -> 1876 | H62: =G62+'2'!H62 -> 4154 | I62: =H62+yc!I62 -> 840147.46 | J62: ='[14]3'!$Q$11+'[14]3'!$Q$12+'[14]3'!$Q$13+'[14]3'!$Q$14+'[14]3'!$Q$15+'[14]3'!$Q$16+'[14]3'!$Q$17+'[14]3'!$Q$18 -> 1691 | K62: =J62+'2'!K62 -> 5554 | L62: =K62+yc!L62 -> 840026.8 | M62: ='[14]3'!$T$11+'[14]3'!$T$12+'[14]3'!$T$13+'[14]3'!$T$14+'[14]3'!$T$15+'[14]3'!$T$16+'[14]3'!$T$17+'[14]3'!$T$18 -> 17054.634 | N62: =(M62+M63)/25000*100 -> 68.218536 | P62: 金银湖水泥 | Q62: ='[8]3'!$Q$71 -> 窑:续停。水泥磨:续停。
D63: 外购熟料 | F63: ='[14]3'!$M$19+'[14]3'!$M$20 -> -2.0037305e-12 | G63: ='[14]3'!$N$19+'[14]3'!$N$20 -> 0 | H63: =G63+'2'!H63 -> 0 | I63: =H63+yc!I63 -> 0 | J63: ='[14]3'!$Q$19+'[14]3'!$Q$20 -> 0 | K63: =J63+'2'!K63 -> 0 | L63: =K63+yc!L63 -> 0 | M63: ='[14]3'!$T$19+'[14]3'!$T$20 -> -2.0037305e-12
B64: 总销量 | H64: =G64+'2'!H64 -> 0 | I64: =H64+yc!I64 -> 0 | J64: =J65 -> 0 | K64: =J64+'2'!K64 -> 0 | L64: =K64+yc!L64 -> 0
B65: 水泥销售量 | E65: 120000 | H65: =G65+'2'!H65 -> 0 | I65: =H65+yc!I65 -> 0 | J65: =SUM(J66:J67) -> 0 | K65: =J65+'2'!K65 -> 0 | L65: =K65+yc!L65 -> 0 | P65: 顺昌炼石 | Q65: ='[8]3'!$Q$74 -> 1#窑:续停；2#窑:续停；1#磨:8:00-22:45避峰停机。2#磨:正常。3#磨:8:00-22:15避峰停机。
B66: 其 中 | C66: 袋装 | H66: =G66+'2'!H66 -> 0 | I66: =H66+yc!I66 -> 0 | K66: =J66+'2'!K66 -> 0 | L66: =K66+yc!L66 -> 0
C67: 散装 | H67: =G67+'2'!H67 -> 0 | I67: =H67+yc!I67 -> 0 | K67: =J67+'2'!K67 -> 0 | L67: =K67+yc!L67 -> 0
A68: 宁德建福 | B68: 水泥生产/出厂 | E68: 0 | F68: ='[15]3'!$D$6 -> 1502.56 | G68: ='[15]3'!$E$6 -> 0 | H68: =G68+'2'!H68 -> 0 | I68: =H68+yc!I68 -> 0 | J68: ='[15]3'!$H$6 -> 0 | K68: =J68+'2'!K68 -> 0 | L68: =K68+yc!L68 -> 0 | M68: ='[15]3'!$K$6 -> 1502.56 | N68: =M68/50000*100 -> 3.00512 | P68: 福州炼石 | Q68: ='[8]3'!$Q$77 -> 1#磨8:00-23:00避峰停机:15小时(避峰)。2#磨8:00-24:00避峰停机:16小时(避峰)。
B69: 熟料 | D69: 权属调拨 | F69: ='[15]3'!$D$43+'[15]3'!$D$44 -> 467.66 | G69: ='[15]3'!$E$43+'[15]3'!$E$44 -> 0 | H69: =G69+'2'!H69 -> 0 | I69: =H69+yc!I69 -> 0 | J69: ='[15]3'!$H$43+'[15]3'!$H$44 -> 0 | K69: =J69+'2'!K69 -> 0 | L69: =K69+yc!L69 -> 0 | M69: ='[15]3'!$K$43+'[15]3'!$K$44 -> 467.66 | N69: =(M69+M70)/50000*100 -> 0.93532
D70: 外购熟料 | F70: ='[15]3'!$D$45 -> 0 | G70: ='[15]3'!$E$45 -> 0 | H70: =G70+'2'!H70 -> 0 | I70: =H70+yc!I70 -> 0 | J70: ='[15]3'!$H$45 -> 0 | K70: =J70+'2'!K70 -> 0 | L70: =K70+yc!L70 -> 0 | M70: ='[15]3'!$K$45 -> 0
B71: 总销量 | H71: =G71+'2'!H71 -> 0 | I71: =H71+yc!I71 -> 0 | J71: =J72 -> 0 | K71: =J71+'2'!K71 -> 0 | L71: =K71+yc!L71 -> 0 | P71: 宁德建福 | Q71: ='[8]3'!$Q$80 -> 水泥磨:00：00-24:00续停机。
B72: 水泥销售量 | E72: 0 | H72: =G72+'2'!H72 -> 0 | I72: =H72+yc!I72 -> 0 | J72: =SUM(J73:J74) -> 0 | K72: =J72+'2'!K72 -> 0 | L72: =K72+yc!L72 -> 0
B73: 其 中 | C73: 袋装 | H73: =G73+'2'!H73 -> 0 | I73: =H73+yc!I73 -> 0 | K73: =J73+'2'!K73 -> 0 | L73: =K73+yc!L73 -> 0
C74: 散装 | H74: =G74+'2'!H74 -> 0 | I74: =H74+yc!I74 -> 0 | K74: =J74+'2'!K74 -> 0 | L74: =K74+yc!L74 -> 0 | P74: 安砂建福德化 | Q74: ='[8]3'!$Q$83 -> 2#磨：续停。
A75: 中转库 | B75: 总销量 | H75: =G75+'2'!H75 -> 0 | I75: =H75+yc!I75 -> 0 | J75: =J76 -> 0 | K75: =J75+'2'!K75 -> 0 | L75: =K75+yc!L75 -> 0
B76: 水泥销售量 | H76: =G76+'2'!H76 -> 0 | I76: =H76+yc!I76 -> 0 | J76: =SUM(J77:J78) -> 0 | K76: =J76+'2'!K76 -> 0 | L76: =K76+yc!L76 -> 0
B77: 其 中 | C77: 袋装 | H77: =G77+'2'!H77 -> 0 | I77: =H77+yc!I77 -> 0 | K77: =J77+'2'!K77 -> 0 | L77: =K77+yc!L77 -> 0 | O77: 备注
C78: 散装 | H78: =G78+'2'!H78 -> 0 | I78: =H78+yc!I78 -> 0 | K78: =J78+'2'!K78 -> 0 | L78: =K78+yc!L78 -> 0
A79: 安砂建福德化 | B79: 水泥生产/出厂 | E79: 18000 | G79: ='[16]3'!$E$7 -> 509.54 | H79: =G79+'2'!H79 -> 1620.08 | I79: =H79+yc!I79 -> 148748.55 | J79: ='[16]3'!$I$7 -> 610 | K79: =J79+'2'!K79 -> 1525.5 | L79: =K79+yc!L79 -> 143416.95 | M79: ='[16]3'!$L$7 -> 4979.36 | N79: =M79/50000*100 -> 9.95872
B80: 熟料 | D80: 权属调拨 | G80: ='[16]3'!$R$15 -> 0 | H80: =G80+'2'!H80 -> 0 | I80: =H80+yc!I80 -> 0 | J80: ='[16]3'!$V$15 -> 0 | K80: =J80+'2'!K80 -> 0 | L80: =K80+yc!L80 -> 0 | M80: ='[16]3'!$Y$15 -> 0 | N80: =(M80+M81)/50000*100 -> 0
D81: 外购熟料 | H81: =G81+'2'!H81 -> 0 | I81: =H81+yc!I81 -> 0 | K81: =J81+'2'!K81 -> 0 | L81: =K81+yc!L81 -> 0
B82: 总销量 | H82: =G82+'2'!H82 -> 0 | I82: =H82+yc!I82 -> 0 | K82: =J82+'2'!K82 -> 0 | L82: =K82+yc!L82 -> 0
B83: 水泥销售量 | E83: 18000 | H83: =G83+'2'!H83 -> 0 | I83: =H83+yc!I83 -> 0 | K83: =J83+'2'!K83 -> 0 | L83: =K83+yc!L83 -> 0
B84: 其 中 | C84: 袋装 | H84: =G84+'2'!H84 -> 0 | I84: =H84+yc!I84 -> 0 | K84: =J84+'2'!K84 -> 0 | L84: =K84+yc!L84 -> 0
C85: 散装 | H85: =G85+'2'!H85 -> 0 | I85: =H85+yc!I85 -> 0 | K85: =J85+'2'!K85 -> 0 | L85: =K85+yc!L85 -> 0
S86: 报出时间： | T86: =NOW() -> 46062.75 | V86: =NOW() -> 46062.75

Sheet 4
A1: 福建水泥股份有限公司生产日报表
A2: 计量单位：吨 | E2: 序时进度 | I2: =4/31 -> 0.12903226 | N2: 45995 | Z2: 表号:福泥运统字001
A3: 项目 | E3: 月计划 | F3: 期初库存 | G3: 日生产/进厂 | H3: 月累计 | I3: 年累计 | J3: 日消耗/出厂 | K3: 月累计 | L3: 年累计 | M3: 期末库存 | N3: 库容率% | O3: 项目 | R3: 台时产量（t/h，kwh/t） | U3: 运转率（%） | X3: 运行时间（h）
R4: 日 | S4: 月 | T4: 年 | U4: 日 | V4: 月 | W4: 年 | X4: 日 | Y4: 月 | Z4: 年
A5: 公司合计 | B5: 水泥生产/出厂 | E5: =E21+E31+E41+E51+E61+E68+E79 -> 650000 | F5: =F21+F31+F41+F51+F61+F68+F79 -> 262736.85 | G5: =G21+G31+G41+G51+G61+G68+G79 -> 21989.64 | H5: =G5+'3'!H5 -> 73538.72 | I5: =H5+yc!I5 -> 6228404.8 | J5: =J21+J31+J41+J51+J61+J68+J79 -> 21461.793 | K5: =J5+'3'!K5 -> 90008.516 | L5: =K5+yc!L5 -> 6240079.6 | M5: =M21+M31+M41+M51+M61+M68+M79 -> 251151.84 | N5: =M5/374000*100 -> 67.152898 | O5: 主机设备运行情况 | P5: 安砂建福 | Q5: 回转窑1 | R5: ='[10]4'!$W$101 -> 272.45833 | S5: ='[10]4'!$X$101 -> 273.26042 | T5: ='[10]4'!$Y$101 -> 260.1792 | U5: ='[10]4'!$T$101 -> 100 | V5: ='[10]4'!$U$101 -> 100 | W5: ='[10]4'!$V$101 -> 65.080362 | X5: ='[10]4'!$Q$101 -> 24 | Y5: ='[10]4'!$R$101 -> 96 | Z5: ='[10]4'!$S$101 -> 5279.319
B6: 其 中 | C6: P.O52.5 | F6: ='[10]4'!$D$23+'[11]4'!$D$17+'[12]4'!$D$17+'[13]4'!$D$25+'[14]4'!$D$8+'[14]4'!$D$15+'[15]4'!$D$7 -> 32112.84 | G6: ='[10]4'!$E$23+'[11]4'!$E$17+'[12]4'!$E$17+'[13]4'!$E$25+'[14]4'!$E$8+'[14]4'!$E$15+'[15]4'!$E$7 -> 0 | H6: =G6+'3'!H6 -> 948 | I6: =H6+yc!I6 -> 277297.96 | J6: ='[10]4'!$I$23+'[11]4'!$I$17+'[12]4'!$I$17+'[13]4'!$I$25+'[14]4'!$E$23+'[14]4'!$E$30+'[15]4'!$H$7 -> 676.82 | K6: =J6+'3'!K6 -> 3042.83 | L6: =K6+yc!L6 -> 265240.53 | M6: ='[10]4'!$L$23+'[11]4'!$L$17+'[12]4'!$L$17+'[13]4'!$L$25+'[14]4'!$H$23+'[14]4'!$H$30+'[15]4'!$K$7 -> 30018.01 | Q6: 回转窑2 | R6: ='[10]4'!$W$102 -> 0 | S6: ='[10]4'!$X$102 -> 0 | T6: ='[10]4'!$Y$102 -> 240.28021 | U6: ='[10]4'!$T$102 -> 0 | V6: ='[10]4'!$U$102 -> 0 | W6: ='[10]4'!$V$102 -> 35.073952 | X6: ='[10]4'!$Q$102 -> 0 | Y6: ='[10]4'!$R$102 -> 0 | Z6: ='[10]4'!$S$102 -> 2845.199
C7: M22.5 | F7: ='[12]4'!$D$22 -> 0 | G7: ='[12]4'!$E$22 -> 0 | H7: =G7+'3'!H7 -> 0 | I7: =H7+yc!I7 -> 0 | J7: ='[12]4'!$I$22 -> 0 | K7: =J7+'3'!K7 -> 0 | L7: =K7+yc!L7 -> 0 | M7: ='[12]4'!$L$22 -> 0 | Q7: 水泥磨1 | R7: ='[10]4'!$W$107 -> 115.63821 | S7: ='[10]4'!$X$107 -> 122.57384 | T7: ='[10]4'!$Y$107 -> 131.77339 | U7: ='[10]4'!$T$107 -> 49.291667 | V7: ='[10]4'!$U$107 -> 44.4375 | W7: ='[10]4'!$V$107 -> 31.164818 | X7: ='[10]4'!$Q$107 -> 11.83 | Y7: ='[10]4'!$R$107 -> 42.66 | Z7: ='[10]4'!$S$107 -> 2528.09
C8: P.042.5R | F8: ='[10]4'!$D$27+'[11]4'!$D$18+'[13]4'!$D$26+'[14]4'!$D$10+'[14]4'!$D$17+'[15]4'!$D$9 -> 41879.9 | G8: ='[10]4'!$E$27+'[11]4'!$E$18+'[13]4'!$E$26+'[14]4'!$E$10+'[14]4'!$E$17+'[15]4'!$E$9 -> 845 | H8: =G8+'3'!H8 -> 4339 | I8: =H8+yc!I8 -> 529875.99 | J8: ='[10]4'!$I$27+'[11]4'!$I$18+'[13]4'!$I$26+'[14]4'!$E$25+'[14]4'!$E$32+'[15]4'!$H$9 -> 2544.56 | K8: =J8+'3'!K8 -> 10111.97 | L8: =K8+yc!L8 -> 517856.68 | M8: ='[10]4'!$L$27+'[11]4'!$L$18+'[13]4'!$L$26+'[14]4'!$H$25+'[14]4'!$H$32+'[15]4'!$K$9 -> 36106.93 | Q8: 水泥磨2 | R8: ='[10]4'!$W$108 -> 126.64953 | S8: ='[10]4'!$X$108 -> 127.53526 | T8: ='[10]4'!$Y$108 -> 127.42648 | U8: ='[10]4'!$T$108 -> 48.625 | V8: ='[10]4'!$U$108 -> 46.53125 | W8: ='[10]4'!$V$108 -> 27.63215 | X8: ='[10]4'!$Q$108 -> 11.67 | Y8: ='[10]4'!$R$108 -> 44.67 | Z8: ='[10]4'!$S$108 -> 2241.52
C9: P.042.5 | F9: ='[10]4'!$D$24+'[11]4'!$D$19+'[12]4'!$D$20+'[13]4'!$D$27+'[14]4'!$D$11+'[14]4'!$D$18+'[15]4'!$D$10 -> 110865.71 | G9: ='[10]4'!$E$24+'[11]4'!$E$19+'[12]4'!$E$20+'[13]4'!$E$27+'[14]4'!$E$11+'[14]4'!$E$18+'[15]4'!$E$10 -> 18912 | H9: =G9+'3'!H9 -> 53454 | I9: =H9+yc!I9 -> 4188842.9 | J9: ='[10]4'!$I$24+'[11]4'!$I$19+'[12]4'!$I$20+'[13]4'!$I$27+'[14]4'!$E$26+'[14]4'!$E$33+'[15]4'!$H$10 -> 14151.443 | K9: =J9+'3'!K9 -> 58003.546 | L9: =K9+yc!L9 -> 4155482.4 | M9: ='[10]4'!$L$24+'[11]4'!$L$19+'[12]4'!$L$20+'[13]4'!$L$27+'[14]4'!$H$26+'[14]4'!$H$33+'[15]4'!$K$10 -> 106316.17 | Q9: 水泥磨3 | R9: ='[10]4'!$W$109 -> 274.17391 | S9: ='[10]4'!$X$109 -> 275.1478 | T9: ='[10]4'!$Y$109 -> 271.37467 | U9: ='[10]4'!$T$109 -> 47.916667 | V9: ='[10]4'!$U$109 -> 47.572917 | W9: ='[10]4'!$V$109 -> 35.025394 | X9: ='[10]4'!$Q$109 -> 11.5 | Y9: ='[10]4'!$R$109 -> 45.67 | Z9: ='[10]4'!$S$109 -> 2841.26
C10: M32.5 | F10: ='[10]4'!$D$25+'[11]4'!$D$20+'[12]4'!$D$21+'[13]4'!$D$28+'[14]4'!$D$12+'[14]4'!$D$19+'[15]4'!$D$11 -> 61206.942 | G10: ='[10]4'!$E$25+'[11]4'!$E$20+'[12]4'!$E$21+'[13]4'!$E$28+'[14]4'!$E$12+'[14]4'!$E$19+'[15]4'!$E$11 -> 480 | H10: =G10+'3'!H10 -> 8028 | I10: =H10+yc!I10 -> 925555.17 | J10: ='[10]4'!$I$25+'[11]4'!$I$20+'[12]4'!$I$21+'[13]4'!$I$28+'[14]4'!$E$27+'[14]4'!$E$34+'[15]4'!$H$11 -> 2868.7 | K10: =J10+'3'!K10 -> 13069.36 | L10: =K10+yc!L10 -> 910298.08 | M10: ='[10]4'!$L$25+'[11]4'!$L$20+'[12]4'!$L$21+'[13]4'!$L$28+'[14]4'!$H$27+'[14]4'!$H$34+'[15]4'!$K$11 -> 56165.582 | Q10: 水泥磨4 | R10: ='[10]4'!$W$110 -> 364.1791 | S10: ='[10]4'!$X$110 -> 364.1791 | T10: ='[10]4'!$Y$110 -> 268.87399 | U10: ='[10]4'!$T$110 -> 2.7916667 | V10: ='[10]4'!$U$110 -> 0.69791667 | W10: ='[10]4'!$V$110 -> 34.081977 | X10: ='[10]4'!$Q$110 -> 0.67 | Y10: ='[10]4'!$R$110 -> 0.67 | Z10: ='[10]4'!$S$110 -> 2764.73
C11: P.P32.5R | F11: ='[10]4'!$D$26+'[11]4'!$D$21+'[12]4'!$D$19+'[13]4'!$D$29+'[14]4'!$D$13+'[14]4'!$D$20 -> 0 | G11: ='[10]4'!$E$26+'[11]4'!$E$21+'[12]4'!$E$19+'[13]4'!$E$29+'[14]4'!$E$13+'[14]4'!$E$20 -> 0 | H11: =G11+'3'!H11 -> 0 | I11: =H11+yc!I11 -> 0 | J11: ='[10]4'!$I$26+'[11]4'!$I$21+'[12]4'!$I$19+'[13]4'!$I$29+'[14]4'!$E$28+'[14]4'!$E$35 -> 0 | K11: =J11+'3'!K11 -> 0 | L11: =K11+yc!L11 -> 0 | M11: ='[10]4'!$L$26+'[11]4'!$L$21+'[12]4'!$L$19+'[13]4'!$L$29+'[14]4'!$H$28+'[14]4'!$H$35 -> 0 | Q11: 德化1#
B12: 熟 料 | C12: 进厂 | D12: 自产 | E12: =E22+E32+E42+E52 -> 538000 | F12: =F22+F32+F42+F52+F62+F69 -> 374372.6 | G12: =G22+G32+G42+G52 -> 7212 | H12: =G12+'3'!H12 -> 28654 | I12: =H12+yc!I12 -> 4971045.2 | J12: =J22+J32+J42+J52+J62+J69 -> 20345.369 | K12: =J12+'3'!K12 -> 64945.82 | L12: =K12+yc!L12 -> 5094052.2 | M12: =M22+M32+M42+M52+M62+M69 -> 343644.89 | N12: =M12/439000*100 -> 78.279017 | Q12: 德化2# | R12: ='[16]4'!$W$40 -> 0 | S12: ='[16]4'!$X$40 -> 0 | T12: ='[16]4'!$Y$40 -> 0 | U12: ='[16]4'!$T$40 -> 0 | V12: ='[16]4'!$U$40 -> 0 | W12: ='[16]4'!$V$40 -> 0 | X12: ='[16]4'!$Q$40 -> 0 | Y12: ='[16]4'!$R$40 -> 0 | Z12: ='[16]4'!$S$40 -> 0
D13: 外购 | E13: =E23+E33+E43+E53+E63+E70 -> 0 | F13: =F23+F33+F43+F53+F63+F70 -> -2.0037305e-12 | G13: =G23+G33+G43+G53+G63+G70 -> 0 | H13: =G13+'3'!H13 -> 0 | I13: =H13+yc!I13 -> 0 | J13: =J23+J33+J43+J53+J63+J70 -> 0 | K13: =J13+'3'!K13 -> 0 | L13: =K13+yc!L13 -> 0 | M13: =M23+M33+M43+M53+M63+M70 -> -2.0037305e-12 | N13: =(M12+M13)/(315000+80000+150000)*100 -> 63.054107 | P13: 永安建福 | Q13: 回转窑 | R13: ='[11]4'!$W$68 -> 181.89189 | S13: ='[11]4'!$X$68 -> 242.1 | T13: ='[11]4'!$Y$68 -> 266.33992 | U13: ='[11]4'!$T$68 -> 15.416667 | V13: ='[11]4'!$U$68 -> 10.416667 | W13: ='[11]4'!$V$68 -> 70.827539 | X13: ='[11]4'!$Q$68 -> 3.70 | Y13: ='[11]4'!$R$68 -> 10.00 | Z13: ='[11]4'!$S$68 -> 5745.53
C14: 出厂 | D14: 权属调拨 | E14: =E24+E34+E44+E54 -> 0 | F14: =F24+F34+F44+F54 -> 0 | G14: =G24+G34+G44+G54+G62 -> 2077 | H14: =G14+'3'!H14 -> 6231 | I14: =H14+yc!I14 -> 970774.68 | J14: =J24+J34+J44+J54+J62 -> 7236.629 | K14: =J14+'3'!K14 -> 21284.995 | L14: =K14+yc!L14 -> 1814229.1 | M14: =M24+M34+M44+M54 -> 67564.78 | Q14: 水泥磨A1 | R14: ='[11]4'!$W$71 -> 230.23256 | S14: ='[11]4'!$X$71 -> 221.54619 | T14: ='[11]4'!$Y$71 -> 213.57146 | U14: ='[11]4'!$T$71 -> 34.041667 | V14: ='[11]4'!$U$71 -> 37.322917 | W14: ='[11]4'!$V$71 -> 50.078033 | X14: ='[11]4'!$Q$71 -> 8.17 | Y14: ='[11]4'!$R$71 -> 35.83 | Z14: ='[11]4'!$S$71 -> 4062.33
D15: 外发熟料 | E15: =E25+E35+E45+E55 -> 0 | F15: =F25+F35+F45+F55 -> 0 | G15: =G25+G35+G45+G55 -> 0 | H15: =G15+'3'!H15 -> 0 | I15: =H15+yc!I15 -> 0 | J15: =J25+J35+J45+J55 -> 581.555 | K15: =J15+'3'!K15 -> 1055.335 | L15: =K15+yc!L15 -> 115811.84 | Q15: 水泥磨D1 | R15: ='[11]4'!$W$72 -> 66.878981 | S15: ='[11]4'!$X$72 -> 67.159511 | T15: ='[11]4'!$Y$72 -> 61.33461 | U15: ='[11]4'!$T$72 -> 39.25 | V15: ='[11]4'!$U$72 -> 36.635417 | W15: ='[11]4'!$V$72 -> 50.587648 | X15: ='[11]4'!$Q$72 -> 9.42 | Y15: ='[11]4'!$R$72 -> 35.17 | Z15: ='[11]4'!$S$72 -> 4103.67
B16: 总销量 | E16: =E26+E36+E46+E56+E64+E71 -> 0 | G16: =G26+G36+G46+G56+G64+G71 -> 0 | H16: =G16+'3'!H16 -> 0 | I16: =H16+yc!I16 -> 0 | J16: =J26+J36+J46+J56+J64+J71+J75 -> 0 | K16: =J16+'3'!K16 -> 0 | L16: =K16+yc!L16 -> 0 | Q16: 水泥磨D2 | R16: ='[11]4'!$W$73 -> 70.276008 | S16: ='[11]4'!$X$73 -> 67.642877 | T16: ='[11]4'!$Y$73 -> 62.956116 | U16: ='[11]4'!$T$73 -> 39.25 | V16: ='[11]4'!$U$73 -> 36.635417 | W16: ='[11]4'!$V$73 -> 52.161982 | X16: ='[11]4'!$Q$73 -> 9.42 | Y16: ='[11]4'!$R$73 -> 35.17 | Z16: ='[11]4'!$S$73 -> 4231.38
B17: 水泥销售量 | E17: =E27+E37+E47+E57+E65+E72+E83 -> 650000 | G17: =G27+G37+G47+G57+G65+G72 -> 0 | H17: =G17+'3'!H17 -> 0 | I17: =H17+yc!I17 -> 0 | J17: =J27+J37+J47+J57+J65+J72+J76 -> 0 | K17: =J17+'3'!K17 -> 0 | L17: =K17+yc!L17 -> 0 | P17: 金银湖水泥 | Q17: 回转窑 | R17: ='[12]4'!$W$71 -> 0 | S17: ='[12]4'!$X$71 -> 0 | T17: ='[12]4'!$Y$71 -> 0 | U17: ='[12]4'!$T$71 -> 0 | V17: ='[12]4'!$U$71 -> 0 | W17: ='[12]4'!$V$71 -> 0 | X17: ='[12]4'!$Q$71 -> 0 | Y17: ='[12]4'!$R$71 -> 0 | Z17: ='[12]4'!$S$71 -> 0
B18: 其 中 | C18: 袋装 | E18: =E28+E38+E48+E58+E66+E73 -> 0 | G18: =G28+G38+G48+G58+G66+G73 -> 0 | H18: =G18+'3'!H18 -> 0 | I18: =H18+yc!I18 -> 0 | J18: =J28+J38+J48+J58+J66+J73 -> 0 | K18: =J18+'3'!K18 -> 0 | L18: =K18+yc!L18 -> 0 | Q18: 水泥磨1 | R18: ='[12]4'!$W$74 -> 0 | S18: ='[12]4'!$X$74 -> 0 | T18: ='[12]4'!$Y$74 -> 222.40493 | U18: ='[12]4'!$T$74 -> 0 | V18: ='[12]4'!$U$74 -> 0 | W18: ='[12]4'!$V$74 -> 6.927145 | X18: ='[12]4'!$Q$74 -> 0 | Y18: ='[12]4'!$R$74 -> 0 | Z18: ='[12]4'!$S$74 -> 561.93
C19: 散装 | E19: =E29+E39+E49+E59+E67+E74 -> 0 | G19: =G29+G39+G49+G59+G67+G74 -> 0 | H19: =G19+'3'!H19 -> 0 | I19: =H19+yc!I19 -> 0 | J19: =J29+J39+J49+J59+J67+J74+J78 -> 0 | K19: =J19+'3'!K19 -> 0 | L19: =K19+yc!L19 -> 0 | P19: 顺昌炼石 | Q19: 回转窑1 | R19: ='[13]4'!$W$72 -> 1e-05 | S19: ='[13]4'!$X$72 -> 1e-05 | T19: ='[13]4'!$Y$72 -> 9.1014493e-06 | U19: ='[13]4'!$T$72 -> 4.1666667e-06 | V19: ='[13]4'!$U$72 -> 4.1666667e-06 | W19: ='[13]4'!$V$72 -> 4.2529586e-06 | X19: ='[13]4'!$Q$72 -> 1e-06 | Y19: ='[13]4'!$R$72 -> 4e-06 | Z19: ='[13]4'!$S$72 -> 0.000345
B20: 商品熟料 | E20: =E30+E40+E50+E60 -> 0 | G20: =G30+G40+G50+G60 -> 0 | H20: =G20+'3'!H20 -> 0 | I20: =H20+yc!I20 -> 0 | J20: =J30+J40+J50+J60 -> 0 | K20: =J20+'3'!K20 -> 0 | L20: =K20+yc!L20 -> 0 | Q20: 回转窑2 | R20: ='[13]4'!$W$73 -> 1e-05 | S20: ='[13]4'!$X$73 -> 1e-05 | T20: ='[13]4'!$Y$73 -> 239.29986 | U20: ='[13]4'!$T$73 -> 4.1666667e-06 | V20: ='[13]4'!$U$73 -> 4.1666667e-06 | W20: ='[13]4'!$V$73 -> 71.273796 | X20: ='[13]4'!$Q$73 -> 1e-06 | Y20: ='[13]4'!$R$73 -> 4e-06 | Z20: ='[13]4'!$S$73 -> 5781.7303
A21: 安砂建福 | B21: 水泥生产/出厂 | E21: 190000 | F21: ='[10]4'!$D$22 -> 83053.31 | G21: ='[10]4'!$E$22 -> 6243 | H21: =G21+'3'!H21 -> 23736 | I21: =H21+yc!I21 -> 2133174 | J21: ='[10]4'!$I$22 -> 8287.96 | K21: =J21+'3'!K21 -> 31253.06 | L21: =K21+yc!L21 -> 2097707.1 | M21: ='[10]4'!$L$22 -> 75536.25 | N21: =M21/47000*100 -> 160.71543 | Q21: 水泥磨3 | R21: ='[13]4'!$W$81 -> 277.93939 | S21: ='[13]4'!$X$81 -> 276.85117 | T21: ='[13]4'!$Y$81 -> 275.69898 | U21: ='[13]4'!$T$81 -> 68.75 | V21: ='[13]4'!$U$81 -> 47.916088 | W21: ='[13]4'!$V$81 -> 36.264334 | X21: ='[13]4'!$Q$81 -> 16.5 | Y21: ='[13]4'!$R$81 -> 45.999444 | Z21: ='[13]4'!$S$81 -> 2941.7628
B22: 熟 料 | C22: 进厂 | D22: 自产 | E22: 163000 | F22: ='[10]4'!$D$17 -> 189966.35 | G22: ='[10]4'!$E$17 -> 6539 | H22: =G22+'3'!H22 -> 26233 | I22: =H22+yc!I22 -> 2057214 | J22: ='[10]4'!$I$17 -> 6155.91 | K22: =J22+'3'!K22 -> 23966.94 | L22: =K22+yc!L22 -> 1915428.3 | M22: ='[10]4'!$L$17 -> 192232.41 | N22: =(M22+M23)/(50000+150000)*100 -> 96.116206 | Q22: 水泥磨1 | R22: ='[13]4'!$W$79 -> 104.41417 | S22: ='[13]4'!$X$79 -> 105.01977 | T22: ='[13]4'!$Y$79 -> 102.30117 | U22: ='[13]4'!$T$79 -> 67.359954 | V22: ='[13]4'!$U$79 -> 57.290799 | W22: ='[13]4'!$V$79 -> 45.5197 | X22: ='[13]4'!$Q$79 -> 16.166389 | Y22: ='[13]4'!$R$79 -> 54.999167 | Z22: ='[13]4'!$S$79 -> 3692.5581
D23: 外购 | F23: ='[10]4'!$D$20 -> 0 | G23: ='[10]4'!$E$20 -> 0 | H23: =G23+'3'!H23 -> 0 | I23: =H23+yc!I23 -> 0 | J23: ='[10]4'!$I$20 -> 0 | K23: =J23+'3'!K23 -> 0 | L23: =K23+yc!L23 -> 0 | M23: ='[10]4'!$L$21 -> 0 | Q23: 水泥磨2 | R23: ='[13]4'!$W$80 -> 88.949969 | S23: ='[13]4'!$X$80 -> 80.20292 | T23: ='[13]4'!$Y$80 -> 79.147657 | U23: ='[13]4'!$T$80 -> 39.582176 | V23: ='[13]4'!$U$80 -> 51.561921 | W23: ='[13]4'!$V$80 -> 32.721342 | X23: ='[13]4'!$Q$80 -> 9.4997222 | Y23: ='[13]4'!$R$80 -> 49.499444 | Z23: ='[13]4'!$S$80 -> 2654.3553
C24: 出厂 | D24: 权属调拨 | F24: ='[10]4'!$D$21 -> 0 | G24: ='[10]4'!$E$56 -> 0 | H24: =G24+'3'!H24 -> 0 | I24: =H24+yc!I24 -> 0 | J24: ='[10]4'!$I$56 -> 1313.91 | K24: =J24+'3'!K24 -> 6686.16 | L24: =K24+yc!L24 -> 286512.69 | M24: ='[10]4'!$L$20 -> 0 | P24: 福州炼石 | Q24: 水泥磨1 | R24: ='[14]4'!$R$6 -> 76.375 | S24: ='[14]4'!$S$6 -> 82.190476 | T24: ='[14]4'!$T$6 -> 86.111831 | U24: ='[14]4'!$O$6 -> 100 | V24: ='[14]4'!$P$6 -> 54.6875 | W24: ='[14]4'!$Q$6 -> 52.347387 | X24: ='[14]4'!$L$6 -> 24 | Y24: ='[14]4'!$M$6 -> 52.5 | Z24: ='[14]4'!$N$6 -> 4246.42
D25: 外发熟料 | G25: ='[10]4'!$E$69 -> 0 | H25: =G25+'3'!H25 -> 0 | I25: =H25+yc!I25 -> 0 | J25: ='[10]4'!$I$69 -> 0 | K25: =J25+'3'!K25 -> 473.78 | L25: =K25+yc!L25 -> 79794.63 | Q25: 水泥磨2 | R25: ='[14]4'!$R$7 -> 201.77049 | S25: ='[14]4'!$S$7 -> 199.09756 | T25: ='[14]4'!$T$7 -> 187.6877 | U25: ='[14]4'!$O$7 -> 63.541667 | V25: ='[14]4'!$P$7 -> 42.708333 | W25: ='[14]4'!$Q$7 -> 50.093442 | X25: ='[14]4'!$L$7 -> 15.25 | Y25: ='[14]4'!$M$7 -> 41 | Z25: ='[14]4'!$N$7 -> 4063.58
B26: 总销量 | H26: =G26+'3'!H26 -> 0 | I26: =H26+yc!I26 -> 0 | J26: =J27+J30 -> 0 | K26: =J26+'3'!K26 -> 0 | L26: =K26+yc!L26 -> 0 | P26: 宁德建福 | Q26: 水泥磨2 | R26: ='[15]4'!$I$38 -> 0 | S26: ='[15]4'!$J$38 -> 0 | T26: ='[15]4'!$K$38 -> 0 | U26: ='[15]4'!$F$38 -> 0 | V26: ='[15]4'!$G$38 -> 0 | W26: ='[15]4'!$H$38 -> 0 | X26: ='[15]4'!$C$38 -> 0 | Y26: ='[15]4'!$D$38 -> 0 | Z26: ='[15]4'!$E$38 -> 0
B27: 水泥销售量 | E27: 190000 | H27: =G27+'3'!H27 -> 0 | I27: =H27+yc!I27 -> 0 | J27: =SUM(J28:J29) -> 0 | K27: =J27+'3'!K27 -> 0 | L27: =K27+yc!L27 -> 0 | O27: 余热发电 | P27: 永安建福 | R27: ='[11]4'!$W$69 -> 0 | S27: ='[11]4'!$X$69 -> 22.311785 | T27: ='[11]4'!$Y$69 -> 25.371763 | U27: ='[11]4'!$T$69 -> 0 | V27: ='[11]4'!$U$69 -> 6.59375 | W27: ='[11]4'!$V$69 -> 67.643245 | X27: ='[11]4'!$Q$69 -> 0.00 | Y27: ='[11]4'!$R$69 -> 6.33 | Z27: ='[11]4'!$S$69 -> 5487.22
B28: 其 中 | C28: 袋装 | H28: =G28+'3'!H28 -> 0 | I28: =H28+yc!I28 -> 0 | K28: =J28+'3'!K28 -> 0 | L28: =K28+yc!L28 -> 0 | P28: 安砂建福1# | R28: ='[10]4'!$W$104 -> 28.628231 | S28: ='[10]4'!$X$104 -> 28.5442 | T28: ='[10]4'!$Y$104 -> 25.993182 | U28: ='[10]4'!$T$104 -> 100 | V28: ='[10]4'!$U$104 -> 100 | W28: ='[10]4'!$V$104 -> 64.793516 | X28: ='[10]4'!$Q$104 -> 24 | Y28: ='[10]4'!$R$104 -> 96 | Z28: ='[10]4'!$S$104 -> 5256.05
C29: 散装 | H29: =G29+'3'!H29 -> 0 | I29: =H29+yc!I29 -> 0 | K29: =J29+'3'!K29 -> 0 | L29: =K29+yc!L29 -> 0 | P29: 安砂建福2# | R29: ='[10]4'!$W$105 -> 0 | S29: ='[10]4'!$X$105 -> 0 | T29: ='[10]4'!$Y$105 -> 29.934238 | U29: ='[10]4'!$T$105 -> 0 | V29: ='[10]4'!$U$105 -> 0 | W29: ='[10]4'!$V$105 -> 34.568319 | X29: ='[10]4'!$Q$105 -> 0 | Y29: ='[10]4'!$R$105 -> 0 | Z29: ='[10]4'!$S$105 -> 2804.182
B30: 商品熟料 | H30: =G30+'3'!H30 -> 0 | I30: =H30+yc!I30 -> 0 | K30: =J30+'3'!K30 -> 0 | L30: =K30+yc!L30 -> 0 | P30: 金银湖水泥 | R30: ='[12]4'!$W$72 -> 0 | S30: ='[12]4'!$X$72 -> 0 | T30: ='[12]4'!$Y$72 -> 0 | U30: ='[12]4'!$T$72 -> 0 | V30: ='[12]4'!$U$72 -> 0 | W30: ='[12]4'!$V$72 -> 0 | X30: ='[12]4'!$Q$72 -> 0 | Y30: ='[12]4'!$R$72 -> 0 | Z30: ='[12]4'!$S$72 -> 0
A31: 永安建福 | B31: 水泥生产/出厂 | E31: 150000 | F31: ='[11]4'!$D$16 -> 65429.37 | G31: ='[11]4'!$E$16 -> 3173 | H31: =G31+'3'!H31 -> 12679 | I31: =H31+yc!I31 -> 1385686 | J31: ='[11]4'!$I$16 -> 3876.14 | K31: =J31+'3'!K31 -> 18538.34 | L31: =K31+yc!L31 -> 1374586.5 | M31: ='[11]4'!$L$16 -> 59570.03 | N31: =M31/75000*100 -> 79.426707
B32: 熟 料 | C32: 进厂 | D32: 自产 | E32: 200000 | F32: ='[11]4'!$D$13 -> 60437.506 | G32: ='[11]4'!$E$13 -> 673 | H32: =G32+'3'!H32 -> 2421 | I32: =H32+yc!I32 -> 1530264 | J32: ='[11]4'!$I$13 -> 2427 | K32: =J32+'3'!K32 -> 9629 | L32: =K32+yc!L32 -> 1031107 | M32: ='[11]4'!$L$13 -> 52562.616 | N32: =(M32+M33)/50000*100 -> 105.12523 | P32: 顺昌炼石1# | R32: ='[13]4'!$W$76 -> 0 | S32: ='[13]4'!$X$76 -> 0 | T32: ='[13]4'!$Y$76 -> 0 | U32: ='[13]4'!$T$76 -> 4.1666667e-11 | V32: ='[13]4'!$U$76 -> 3.125e-11 | W32: ='[13]4'!$V$76 -> 4.1050296e-11 | X32: ='[13]4'!$Q$76 -> 1e-11 | Y32: ='[13]4'!$R$76 -> 3e-11 | Z32: ='[13]4'!$S$76 -> 3.33e-09
D33: 外购 | G33: ='[11]4'!$E$14 -> 0 | H33: =G33+'3'!H33 -> 0 | I33: =H33+yc!I33 -> 0 | J33: ='[11]4'!$I$14 -> 0 | K33: =J33+'3'!K33 -> 0 | L33: =K33+yc!L33 -> 0 | M33: ='[11]4'!$L$14 -> 0 | P33: 顺昌炼石2# | R33: ='[13]4'!$W$77 -> 0 | S33: ='[13]4'!$X$77 -> 0 | T33: ='[13]4'!$Y$77 -> 19.77 | U33: ='[13]4'!$T$77 -> 4.1666667e-11 | V33: ='[13]4'!$U$77 -> 1.0416667e-11 | W33: ='[13]4'!$V$77 -> 62.374507 | X33: ='[13]4'!$Q$77 -> 1e-11 | Y33: ='[13]4'!$R$77 -> 1e-11 | Z33: ='[13]4'!$S$77 -> 5059.82
C34: 出厂 | D34: 权属调拨 | G34: ='[11]4'!$E$50 -> 0 | H34: =G34+'3'!H34 -> 0 | I34: =H34+yc!I34 -> 0 | J34: ='[11]4'!$I$50 -> 0 | K34: =J34+'3'!K34 -> 666.89 | L34: =K34+yc!L34 -> 467869.82 | M34: ='[11]4'!$L$15 -> 0
D35: 外发熟料 | G35: ='[11]4'!$E$64 -> 0 | H35: =G35+'3'!H35 -> 0 | I35: =H35+yc!I35 -> 0 | J35: ='[11]4'!$I$64 -> 0 | K35: =J35+'3'!K35 -> 0 | L35: =K35+yc!L35 -> 0
B36: 总销量 | H36: =G36+'3'!H36 -> 0 | I36: =H36+yc!I36 -> 0 | J36: =J37+J40 -> 0 | K36: =J36+'3'!K36 -> 0 | L36: =K36+yc!L36 -> 0 | P36: 材料名称 | R36: 计划 | S36: 期初库存 | T36: 日进厂 | U36: 月累 进厂 | V36: 年累 进厂 | W36: 日消耗 | X36: 月累消耗 | Y36: 年累消耗 | Z36: 期末库存
B37: 水泥销售量 | E37: 150000 | H37: =G37+'3'!H37 -> 0 | I37: =H37+yc!I37 -> 0 | J37: =SUM(J38:J39) -> 0 | K37: =J37+'3'!K37 -> 0 | L37: =K37+yc!L37 -> 0 | O37: 主 要 原 燃 材 料 动 态 | P37: 安砂建福 | Q37: 无烟煤 | R37: ='[10]4'!$P$7 -> 0 | S37: ='[10]4'!$Q$7 -> 0 | T37: ='[10]4'!$R$7 -> 0 | U37: =T37+'3'!U37 -> 0 | V37: =U37+yc!V37 -> 0 | W37: ='[10]4'!$V$7 -> 0 | X37: =W37+'3'!X37 -> 0 | Y37: =X37+yc!Y37 -> 0 | Z37: ='[10]4'!$Y$7 -> 0
B38: 其 中 | C38: 袋装 | H38: =G38+'3'!H38 -> 0 | I38: =H38+yc!I38 -> 0 | K38: =J38+'3'!K38 -> 0 | L38: =K38+yc!L38 -> 0 | Q38: 烟煤 | R38: ='[10]4'!$P$10 -> 0 | S38: ='[10]4'!$Q$10 -> 9645.331 | T38: ='[10]4'!$R$10 -> 681.96 | U38: =T38+'3'!U38 -> 2708.52 | V38: =U38+yc!V38 -> 261848.24 | W38: ='[10]4'!$V$10 -> 770 | X38: =W38+'3'!X38 -> 3238 | Y38: =X38+yc!Y38 -> 259345 | Z38: ='[10]4'!$Y$10 -> 9115.851
C39: 散装 | H39: =G39+'3'!H39 -> 0 | I39: =H39+yc!I39 -> 0 | K39: =J39+'3'!K39 -> 0 | L39: =K39+yc!L39 -> 0 | Q39: 石膏 | R39: ='[10]4'!$P$50 -> 0 | S39: ='[10]4'!$Q$50 -> 1231.546 | T39: ='[10]4'!$R$50 -> 229.14 | U39: =T39+'3'!U39 -> 1195.12 | V39: =U39+yc!V39 -> 80008.719 | W39: ='[10]4'!$V$50 -> 270 | X39: =W39+'3'!X39 -> 998 | Y39: =X39+yc!Y39 -> 79757 | Z39: ='[10]4'!$Y$50 -> 1428.666
B40: 商品熟料 | H40: =G40+'3'!H40 -> 0 | I40: =H40+yc!I40 -> 0 | K40: =J40+'3'!K40 -> 0 | L40: =K40+yc!L40 -> 0 | Q40: 铁粉 | R40: ='[10]4'!$P$44 -> 0 | S40: ='[10]4'!$Q$44 -> 0 | T40: ='[10]4'!$R$44 -> 0 | U40: ='[10]4'!$S$44 -> 0 | V40: ='[10]4'!$T$44 -> 0 | W40: ='[10]4'!$V$44 -> 0 | X40: ='[10]4'!$W$44 -> 0 | Y40: ='[10]4'!$X$44 -> 0 | Z40: ='[10]4'!$Y$44 -> 0
A41: 金银湖水泥 | B41: 水泥生产/出厂 | E41: 12000 | F41: ='[12]4'!$D$16 -> 26129.76 | G41: ='[12]4'!$E$16 -> 0 | H41: =G41+'3'!H41 -> 0 | I41: =H41+yc!I41 -> 124976 | J41: ='[12]4'!$I$16 -> 347 | K41: =J41+'3'!K41 -> 1540 | L41: =K41+yc!L41 -> 122933.54 | M41: ='[12]4'!$L$16 -> 24589.76 | N41: =M41/30000*100 -> 81.965867 | P41: 永安建福 | Q41: 无烟煤 | R41: ='[11]4'!$P$7 -> 0 | S41: ='[11]4'!$Q$7 -> 0.621 | T41: ='[11]4'!$R$7 -> 0 | U41: =T41+'3'!U41 -> 0 | V41: =U41+yc!V41 -> 0.621 | W41: ='[11]4'!$V$7 -> 0 | X41: =W41+'3'!X41 -> 0 | Y41: =X41+yc!Y41 -> 9.4591002e-14 | Z41: ='[11]4'!$Y$7 -> 0.621
B42: 熟 料 | C42: 进厂 | D42: 自产 | E42: 0 | F42: ='[12]4'!$D$13 -> 0 | G42: ='[12]4'!$E$13 -> 0 | H42: =G42+'3'!H42 -> 0 | I42: =H42+yc!I42 -> 0 | J42: ='[12]4'!$I$13 -> 0 | K42: =J42+'3'!K42 -> 0 | L42: =K42+yc!L42 -> 0 | M42: ='[12]4'!$L$13 -> 0 | N42: =(M42+M43)/50000*100 -> 0 | Q42: 烟煤 | R42: ='[11]4'!$P$8 -> 14000 | S42: ='[11]4'!$Q$8 -> 8478.836 | T42: ='[11]4'!$R$8 -> 0 | U42: =T42+'3'!U42 -> 2592.9 | V42: =U42+yc!V42 -> 210179.87 | W42: ='[11]4'!$V$8 -> 169 | X42: =W42+'3'!X42 -> 390 | Y42: =X42+yc!Y42 -> 202861 | Z42: ='[11]4'!$Y$8 -> 10681.736
D43: 外购 | F43: ='[12]4'!$D$14 -> 0 | G43: ='[12]4'!$E$14 -> 0 | H43: =G43+'3'!H43 -> 0 | I43: =H43+yc!I43 -> 0 | J43: ='[12]4'!$I$14 -> 0 | K43: =J43+'3'!K43 -> 0 | L43: =K43+yc!L43 -> 0 | M43: ='[12]4'!$L$14 -> 0 | Q43: 混合煤
C44: 出厂 | D44: 权属调拨 | G44: ='[12]4'!$E$44 -> 0 | H44: =G44+'3'!H44 -> 0 | I44: =H44+yc!I44 -> 128550.22 | J44: ='[12]4'!$I$44 -> 0 | K44: =J44+'3'!K44 -> 0 | L44: =K44+yc!L44 -> 0 | M44: ='[12]4'!$L$15 -> 67564.78 | Q44: 石膏 | R44: ='[11]4'!$P$29 -> 8000 | S44: ='[11]4'!$Q$29 -> 2299.457 | T44: ='[11]4'!$R$29 -> 0 | U44: =T44+'3'!U44 -> 0 | V44: =U44+yc!V44 -> 64753.168 | W44: ='[11]4'!$V$29 -> 124 | X44: =W44+'3'!X44 -> 512 | Y44: =X44+yc!Y44 -> 66922 | Z44: ='[11]4'!$Y$29 -> 1787.457
D45: 外发熟料 | G45: ='[12]4'!$E$55 -> 0 | H45: =G45+'3'!H45 -> 0 | I45: =H45+yc!I45 -> 0 | J45: ='[12]4'!$I$55 -> 0 | K45: =J45+'3'!K45 -> 0 | L45: =K45+yc!L45 -> 0 | Q45: 铁粉 | R45: ='[11]4'!$P$23 -> 0 | S45: ='[11]4'!$Q$23 -> 0 | T45: ='[11]4'!$R$23 -> 0 | U45: ='[11]4'!$S$23 -> 0 | V45: ='[11]4'!$T$23 -> 1.329 | W45: ='[11]4'!$V$23 -> 0 | X45: ='[11]4'!$W$23 -> 0 | Y45: ='[11]4'!$X$23 -> 1.329 | Z45: ='[11]4'!$Y$23 -> 0
B46: 总销量 | H46: =G46+'3'!H46 -> 0 | I46: =H46+yc!I46 -> 0 | J46: =J47+J50 -> 0 | K46: =J46+'3'!K46 -> 0 | L46: =K46+yc!L46 -> 0 | P46: 金银湖水泥 | Q46: 无烟煤 | R46: ='[12]4'!$P$7 -> 0 | S46: ='[12]4'!$Q$7 -> 0 | T46: ='[12]4'!$R$7 -> 0 | U46: =T46+'3'!U46 -> 0 | V46: =U46+yc!V46 -> 0 | W46: ='[12]4'!$V$7 -> 0 | X46: =W46+'3'!X46 -> 0 | Y46: =X46+yc!Y46 -> 0 | Z46: ='[12]4'!$Y$7 -> 0
B47: 水泥销售量 | E47: 12000 | H47: =G47+'3'!H47 -> 0 | I47: =H47+yc!I47 -> 0 | J47: =SUM(J48:J49) -> 0 | K47: =J47+'3'!K47 -> 0 | L47: =K47+yc!L47 -> 0 | Q47: 烟煤 | R47: ='[12]4'!$P$8 -> 0 | S47: ='[12]4'!$Q$8 -> 0 | T47: ='[12]4'!$R$8 -> 0 | U47: =T47+'3'!U47 -> 0 | V47: =U47+yc!V47 -> 0 | W47: ='[12]4'!$V$8 -> 0 | X47: =W47+'3'!X47 -> 0 | Y47: =X47+yc!Y47 -> 0 | Z47: ='[12]4'!$Y$8 -> 0
B48: 其 中 | C48: 袋装 | H48: =G48+'3'!H48 -> 0 | I48: =H48+yc!I48 -> 0 | K48: =J48+'3'!K48 -> 0 | L48: =K48+yc!L48 -> 0 | Q48: 石膏 | R48: ='[12]4'!$P$34 -> 0 | S48: ='[12]4'!$Q$34 -> 1585.503 | T48: ='[12]4'!$R$34 -> 0 | U48: =T48+'3'!U48 -> 0 | V48: =U48+yc!V48 -> 6026.53 | W48: ='[12]4'!$V$8 -> 0 | X48: =W48+'3'!X48 -> 0 | Y48: =X48+yc!Y48 -> 0 | Z48: ='[12]4'!$Y$8 -> 0
C49: 散装 | H49: =G49+'3'!H49 -> 0 | I49: =H49+yc!I49 -> 0 | K49: =J49+'3'!K49 -> 0 | L49: =K49+yc!L49 -> 0 | P49: 顺昌炼石 | Q49: 烟煤 | R49: ='[13]4'!$P$8 -> 15340 | S49: ='[13]4'!$Q$8 -> 10593.625 | T49: ='[13]4'!$R$8 -> 0 | U49: =T49+'3'!U49 -> 0 | V49: =U49+yc!V49 -> 179888.95 | W49: ='[13]4'!$V$8 -> 0 | X49: =W49+'3'!X49 -> 0 | Y49: =X49+yc!Y49 -> 176530.34 | Z49: ='[13]4'!$Y$8 -> 10593.625
B50: 商品熟料 | H50: =G50+'3'!H50 -> 0 | I50: =H50+yc!I50 -> 0 | K50: =J50+'3'!K50 -> 0 | L50: =K50+yc!L50 -> 0 | Q50: 无烟煤 | R50: ='[13]4'!$P$7 -> 200 | S50: ='[13]4'!$Q$7 -> 0 | T50: ='[13]4'!$R$7 -> 0 | U50: =T50+'3'!U50 -> 0 | V50: =U50+yc!V50 -> 0 | W50: ='[13]4'!$V$7 -> 0 | X50: =W50+'3'!X50 -> 0 | Y50: =X50+yc!Y50 -> 0 | Z50: ='[13]4'!$Y$7 -> 0
A51: 顺昌炼石 | B51: 水泥生产/出厂 | E51: 160000 | F51: ='[13]4'!$D$24 -> 48852.684 | G51: ='[13]4'!$E$24 -> 7119 | H51: =G51+'3'!H51 -> 22481 | I51: =H51+yc!I51 -> 1398880 | J51: ='[13]4'!$I$24 -> 4624.003 | K51: =J51+'3'!K51 -> 22489.846 | L51: =K51+yc!L51 -> 1385613.8 | M51: ='[13]4'!$L$24 -> 48843.838 | N51: =M51/45000*100 -> 108.54186 | Q51: 石膏 | R51: ='[13]4'!$P$30 -> 8550 | S51: ='[13]4'!$Q$30 -> 3251.374 | T51: ='[13]4'!$R$30 -> 312.35 | U51: =T51+'3'!U51 -> 1026.45 | V51: =U51+yc!V51 -> 64024.921 | W51: ='[13]4'!$V$30 -> 299.2 | X51: =W51+'3'!X51 -> 960.388 | Y51: =X51+yc!Y51 -> 61576.625 | Z51: ='[13]4'!$Y$30 -> 3317.436
B52: 熟 料 | C52: 进厂 | D52: 自产 | E52: 175000 | F52: ='[13]4'!$D$19 -> 105046.44 | G52: ='[13]4'!$E$19 -> 2e-11 | H52: =G52+'3'!H52 -> 8e-11 | I52: =H52+yc!I52 -> 1383567.2 | J52: ='[13]4'!$I$19 -> 8227.459 | K52: =J52+'3'!K52 -> 22260.88 | L52: =K52+yc!L52 -> 1303955.1 | M52: ='[13]4'!$L$19 -> 82785.563 | N52: =(M52+M53)/(65000+80000)*100 -> 57.093492 | Q52: 铁粉
D53: 外购 | F53: ='[13]4'!$D$22 -> 0 | G53: ='[13]4'!$E$22 -> 0 | H53: =G53+'3'!H53 -> 0 | I53: =H53+yc!I53 -> 0 | J53: ='[13]4'!$I$22 -> 0 | K53: =J53+'3'!K53 -> 0 | L53: =K53+yc!L53 -> 0 | M53: ='[13]4'!$L$23 -> 0 | P53: 福州炼石 | Q53: 石膏 | S53: ='[14]4'!$M$21+'[14]4'!$M$22+'[14]4'!$M$35 -> 1648.947 | T53: ='[14]4'!$N$21+'[14]4'!$N$22+'[14]4'!$N$35 -> 44.43 | U53: =T53+'3'!U53 -> 175 | V53: =U53+yc!V53 -> 38509.427 | W53: ='[14]4'!$Q$21+'[14]4'!$Q$22+'[14]4'!$Q$35 -> 49 | X53: =W53+'3'!X53 -> 266 | Y53: =X53+yc!Y53 -> 39757 | Z53: ='[14]4'!$T$21+'[14]4'!$T$22+'[14]4'!$T$35 -> 1557.947
C54: 出厂 | D54: 权属调拨 | G54: ='[13]4'!$E$23 -> 0 | H54: =G54+'3'!H54 -> 0 | I54: =H54+yc!I54 -> 0 | J54: ='[13]4'!$I$47 -> 2387.719 | K54: =J54+'3'!K54 -> 4842.945 | L54: =K54+yc!L54 -> 216284.8 | M54: ='[13]4'!$L$22 -> 0 | P54: 宁德建福 | Q54: 石膏 | R54: ='[15]4'!$C$43 -> 0 | S54: ='[15]4'!$D$43 -> 467.66 | T54: ='[15]4'!$E$43 -> 0 | U54: =T54+'3'!U54 -> 0 | V54: =U54+yc!V54 -> 0 | W54: ='[15]4'!$H$43 -> 0 | X54: =W54+'3'!X54 -> 0 | Y54: =X54+yc!Y54 -> 0 | Z54: ='[15]4'!$K$43 -> 467.66
D55: 外发熟料 | G55: ='[13]4'!$E$63 -> 0 | H55: =G55+'3'!H55 -> 0 | I55: =H55+yc!I55 -> 0 | J55: ='[13]4'!$I$63 -> 581.555 | K55: =J55+'3'!K55 -> 581.555 | L55: =K55+yc!L55 -> 36017.205 | P55: 德化 | Q55: 石膏 | R55: ='[16]4'!$P$7 -> 0 | S55: ='[16]4'!$Q$7 -> 0 | T55: ='[16]4'!$R$7 -> 0 | U55: ='[16]4'!$S$7 -> 0 | V55: ='[16]4'!$T$7 -> 0 | W55: ='[16]4'!$V$7 -> 0 | X55: ='[16]4'!$W$7 -> 0 | Y55: ='[16]4'!$X$7 -> 0 | Z55: ='[16]4'!$Y$7 -> 0
B56: 总销量 | H56: =G56+'3'!H56 -> 0 | I56: =H56+yc!I56 -> 0 | J56: =J57+J60 -> 0 | K56: =J56+'3'!K56 -> 0 | L56: =K56+yc!L56 -> 0 | O56: 设备运行状况 | P56: 安砂建福 | Q56: ='[8]4'!$Q$62 -> 1#窑:正常。2#窑:续停。水泥磨:1#磨：10:00-22:10避峰停机；2#磨：10:00-22:20避峰停机；3#磨：10:00-22:30避峰停机；4#磨：0:00-23:20大修续停。
B57: 水泥销售量 | E57: 160000 | H57: =G57+'3'!H57 -> 0 | I57: =H57+yc!I57 -> 0 | J57: =SUM(J58:J59) -> 0 | K57: =J57+'3'!K57 -> 0 | L57: =K57+yc!L57 -> 0
B58: 其 中 | C58: 袋装 | H58: =G58+'3'!H58 -> 0 | I58: =H58+yc!I58 -> 0 | K58: =J58+'3'!K58 -> 0 | L58: =K58+yc!L58 -> 0
C59: 散装 | H59: =G59+'3'!H59 -> 0 | I59: =H59+yc!I59 -> 0 | K59: =J59+'3'!K59 -> 0 | L59: =K59+yc!L59 -> 0 | P59: 永安建福 | Q59: ='[8]4'!$Q$65 -> 窑:9:28点火升温，20:18投料。A组磨：8:10-24:00避峰停机。D1#磨：9:25-24:00避峰停机，D2#磨：9:25-24:00避峰停机。
B60: 商品熟料 | H60: =G60+'3'!H60 -> 0 | I60: =H60+yc!I60 -> 0 | K60: =J60+'3'!K60 -> 0 | L60: =K60+yc!L60 -> 0
A61: 福州炼石 | B61: 水泥生产/出厂 | E61: 120000 | F61: ='[14]4'!$D$6 -> 37769.17 | G61: ='[14]4'!$E$6 -> 4910 | H61: =G61+'3'!H61 -> 12478 | I61: =H61+yc!I61 -> 1128351 | J61: ='[14]4'!$E$21 -> 3769.19 | K61: =J61+'3'!K61 -> 14104.27 | L61: =K61+yc!L61 -> 1115264.4 | M61: ='[14]4'!$H$6 -> 36142.9 | N61: =M61/52000*100 -> 69.505577
B62: 熟料 | D62: 权属调拨 | F62: ='[14]4'!$M$11+'[14]4'!$M$12+'[14]4'!$M$13+'[14]4'!$M$14+'[14]4'!$M$15+'[14]4'!$M$16+'[14]4'!$M$17+'[14]4'!$M$18 -> 18454.634 | G62: ='[14]4'!$N$11+'[14]4'!$N$12+'[14]4'!$N$13+'[14]4'!$N$14+'[14]4'!$N$15+'[14]4'!$N$16+'[14]4'!$N$17+'[14]4'!$N$18 -> 2077 | H62: =G62+'3'!H62 -> 6231 | I62: =H62+yc!I62 -> 842224.46 | J62: ='[14]4'!$Q$11+'[14]4'!$Q$12+'[14]4'!$Q$13+'[14]4'!$Q$14+'[14]4'!$Q$15+'[14]4'!$Q$16+'[14]4'!$Q$17+'[14]4'!$Q$18 -> 3535 | K62: =J62+'3'!K62 -> 9089 | L62: =K62+yc!L62 -> 843561.8 | M62: ='[14]4'!$T$11+'[14]4'!$T$12+'[14]4'!$T$13+'[14]4'!$T$14+'[14]4'!$T$15+'[14]4'!$T$16+'[14]4'!$T$17+'[14]4'!$T$18 -> 15596.634 | N62: =(M62+M63)/25000*100 -> 62.386536 | P62: 金银湖水泥 | Q62: ='[8]4'!$Q$71 -> 窑:续停。水泥磨:续停。
D63: 外购熟料 | F63: ='[14]4'!$M$19+'[14]4'!$M$20 -> -2.0037305e-12 | G63: ='[14]4'!$N$19+'[14]4'!$N$20 -> 0 | H63: =G63+'3'!H63 -> 0 | I63: =H63+yc!I63 -> 0 | J63: ='[14]4'!$Q$19+'[14]4'!$Q$20 -> 0 | K63: =J63+'3'!K63 -> 0 | L63: =K63+yc!L63 -> 0 | M63: ='[14]4'!$T$19+'[14]4'!$T$20 -> -2.0037305e-12
B64: 总销量 | H64: =G64+'3'!H64 -> 0 | I64: =H64+yc!I64 -> 0 | J64: =J65 -> 0 | K64: =J64+'3'!K64 -> 0 | L64: =K64+yc!L64 -> 0
B65: 水泥销售量 | E65: 120000 | H65: =G65+'3'!H65 -> 0 | I65: =H65+yc!I65 -> 0 | J65: =SUM(J66:J67) -> 0 | K65: =J65+'3'!K65 -> 0 | L65: =K65+yc!L65 -> 0 | P65: 顺昌炼石 | Q65: ='[8]4'!$Q$74 -> 1#窑:续停；2#窑:续停；1#磨:14:30-22:20避峰停机。2#磨:8:00-22:30避峰停机。3#磨:14:40-22:10避峰停机。
B66: 其 中 | C66: 袋装 | H66: =G66+'3'!H66 -> 0 | I66: =H66+yc!I66 -> 0 | K66: =J66+'3'!K66 -> 0 | L66: =K66+yc!L66 -> 0
C67: 散装 | H67: =G67+'3'!H67 -> 0 | I67: =H67+yc!I67 -> 0 | K67: =J67+'3'!K67 -> 0 | L67: =K67+yc!L67 -> 0
A68: 宁德建福 | B68: 水泥生产/出厂 | E68: 0 | F68: ='[15]4'!$D$6 -> 1502.56 | G68: ='[15]4'!$E$6 -> 0 | H68: =G68+'3'!H68 -> 0 | I68: =H68+yc!I68 -> 0 | J68: ='[15]4'!$H$6 -> 0 | K68: =J68+'3'!K68 -> 0 | L68: =K68+yc!L68 -> 0 | M68: ='[15]4'!$K$6 -> 1502.56 | N68: =M68/50000*100 -> 3.00512 | P68: 福州炼石 | Q68: ='[8]4'!$Q$77 -> 1#磨正常运行。2#磨14:30-23:15避峰停机:8.75小时(避峰)。
B69: 熟料 | D69: 权属调拨 | F69: ='[15]4'!$D$43+'[15]4'!$D$44 -> 467.66 | G69: ='[15]4'!$E$43+'[15]4'!$E$44 -> 0 | H69: =G69+'3'!H69 -> 0 | I69: =H69+yc!I69 -> 0 | J69: ='[15]4'!$H$43+'[15]4'!$H$44 -> 0 | K69: =J69+'3'!K69 -> 0 | L69: =K69+yc!L69 -> 0 | M69: ='[15]4'!$K$43+'[15]4'!$K$44 -> 467.66 | N69: =(M69+M70)/50000*100 -> 0.93532
D70: 外购熟料 | F70: ='[15]4'!$D$45 -> 0 | G70: ='[15]4'!$E$45 -> 0 | H70: =G70+'3'!H70 -> 0 | I70: =H70+yc!I70 -> 0 | J70: ='[15]4'!$H$45 -> 0 | K70: =J70+'3'!K70 -> 0 | L70: =K70+yc!L70 -> 0 | M70: ='[15]4'!$K$45 -> 0
B71: 总销量 | H71: =G71+'3'!H71 -> 0 | I71: =H71+yc!I71 -> 0 | J71: =J72 -> 0 | K71: =J71+'3'!K71 -> 0 | L71: =K71+yc!L71 -> 0 | P71: 宁德建福 | Q71: ='[8]4'!$Q$80 -> 水泥磨:00：00-24:00续停机。
B72: 水泥销售量 | E72: 0 | H72: =G72+'3'!H72 -> 0 | I72: =H72+yc!I72 -> 0 | J72: =SUM(J73:J74) -> 0 | K72: =J72+'3'!K72 -> 0 | L72: =K72+yc!L72 -> 0
B73: 其 中 | C73: 袋装 | H73: =G73+'3'!H73 -> 0 | I73: =H73+yc!I73 -> 0 | K73: =J73+'3'!K73 -> 0 | L73: =K73+yc!L73 -> 0
C74: 散装 | H74: =G74+'3'!H74 -> 0 | I74: =H74+yc!I74 -> 0 | K74: =J74+'3'!K74 -> 0 | L74: =K74+yc!L74 -> 0 | P74: 安砂建福德化 | Q74: ='[8]4'!$Q$83 -> 2#磨：续停。
A75: 中转库 | B75: 总销量 | H75: =G75+'3'!H75 -> 0 | I75: =H75+yc!I75 -> 0 | J75: =J76 -> 0 | K75: =J75+'3'!K75 -> 0 | L75: =K75+yc!L75 -> 0
B76: 水泥销售量 | H76: =G76+'3'!H76 -> 0 | I76: =H76+yc!I76 -> 0 | J76: =SUM(J77:J78) -> 0 | K76: =J76+'3'!K76 -> 0 | L76: =K76+yc!L76 -> 0
B77: 其 中 | C77: 袋装 | H77: =G77+'3'!H77 -> 0 | I77: =H77+yc!I77 -> 0 | K77: =J77+'3'!K77 -> 0 | L77: =K77+yc!L77 -> 0 | O77: 备注
C78: 散装 | H78: =G78+'3'!H78 -> 0 | I78: =H78+yc!I78 -> 0 | K78: =J78+'3'!K78 -> 0 | L78: =K78+yc!L78 -> 0
A79: 安砂建福德化 | B79: 水泥生产/出厂 | E79: 18000 | G79: ='[16]4'!$E$7 -> 544.64 | H79: =G79+'3'!H79 -> 2164.72 | I79: =H79+yc!I79 -> 149293.19 | J79: ='[16]4'!$I$7 -> 557.5 | K79: =J79+'3'!K79 -> 2083 | L79: =K79+yc!L79 -> 143974.45 | M79: ='[16]4'!$L$7 -> 4966.5 | N79: =M79/50000*100 -> 9.933
B80: 熟料 | D80: 权属调拨 | G80: ='[16]4'!$R$15 -> 0 | H80: =G80+'3'!H80 -> 0 | I80: =H80+yc!I80 -> 0 | J80: ='[16]4'!$V$15 -> 0 | K80: =J80+'3'!K80 -> 0 | L80: =K80+yc!L80 -> 0 | M80: ='[16]4'!$Y$15 -> 0 | N80: =(M80+M81)/50000*100 -> 0
D81: 外购熟料 | H81: =G81+'3'!H81 -> 0 | I81: =H81+yc!I81 -> 0 | K81: =J81+'3'!K81 -> 0 | L81: =K81+yc!L81 -> 0
B82: 总销量 | H82: =G82+'3'!H82 -> 0 | I82: =H82+yc!I82 -> 0 | K82: =J82+'3'!K82 -> 0 | L82: =K82+yc!L82 -> 0
B83: 水泥销售量 | E83: 18000 | H83: =G83+'3'!H83 -> 0 | I83: =H83+yc!I83 -> 0 | K83: =J83+'3'!K83 -> 0 | L83: =K83+yc!L83 -> 0
B84: 其 中 | C84: 袋装 | H84: =G84+'3'!H84 -> 0 | I84: =H84+yc!I84 -> 0 | K84: =J84+'3'!K84 -> 0 | L84: =K84+yc!L84 -> 0
C85: 散装 | H85: =G85+'3'!H85 -> 0 | I85: =H85+yc!I85 -> 0 | K85: =J85+'3'!K85 -> 0 | L85: =K85+yc!L85 -> 0
S86: 报出时间： | T86: =NOW() -> 46062.75 | V86: =NOW() -> 46062.75

Sheet 5
A1: 福建水泥股份有限公司生产日报表
A2: 计量单位：吨 | E2: 序时进度 | I2: =5/31 -> 0.16129032 | N2: 45996 | Z2: 表号:福泥运统字001
A3: 项目 | E3: 月计划 | F3: 期初库存 | G3: 日生产/进厂 | H3: 月累计 | I3: 年累计 | J3: 日消耗/出厂 | K3: 月累计 | L3: 年累计 | M3: 期末库存 | N3: 库容率% | O3: 项目 | R3: 台时产量（t/h，kwh/t） | U3: 运转率（%） | X3: 运行时间（h）
R4: 日 | S4: 月 | T4: 年 | U4: 日 | V4: 月 | W4: 年 | X4: 日 | Y4: 月 | Z4: 年
A5: 公司合计 | B5: 水泥生产/出厂 | E5: =E21+E31+E41+E51+E61+E68+E79 -> 650000 | F5: =F21+F31+F41+F51+F61+F68+F79 -> 262736.85 | G5: =G21+G31+G41+G51+G61+G68+G79 -> 29109.38 | H5: =G5+'4'!H5 -> 102648.1 | I5: =H5+yc!I5 -> 6257514.1 | J5: =J21+J31+J41+J51+J61+J68+J79 -> 23856.681 | K5: =J5+'4'!K5 -> 113865.2 | L5: =K5+yc!L5 -> 6263936.3 | M5: =M21+M31+M41+M51+M61+M68+M79 -> 256404.54 | N5: =M5/374000*100 -> 68.557363 | O5: 主机设备运行情况 | P5: 安砂建福 | Q5: 回转窑1 | R5: ='[10]5'!$W$101 -> 274.16667 | S5: ='[10]5'!$X$101 -> 273.44167 | T5: ='[10]5'!$Y$101 -> 260.2425 | U5: ='[10]5'!$T$101 -> 100 | V5: ='[10]5'!$U$101 -> 100 | W5: ='[10]5'!$V$101 -> 65.18337 | X5: ='[10]5'!$Q$101 -> 24 | Y5: ='[10]5'!$R$101 -> 120 | Z5: ='[10]5'!$S$101 -> 5303.319
B6: 其 中 | C6: P.O52.5 | F6: ='[10]5'!$D$23+'[11]5'!$D$17+'[12]5'!$D$17+'[13]5'!$D$25+'[14]5'!$D$8+'[14]5'!$D$15+'[15]5'!$D$7 -> 32112.84 | G6: ='[10]5'!$E$23+'[11]5'!$E$17+'[12]5'!$E$17+'[13]5'!$E$25+'[14]5'!$E$8+'[14]5'!$E$15+'[15]5'!$E$7 -> 0 | H6: =G6+'4'!H6 -> 948 | I6: =H6+yc!I6 -> 277297.96 | J6: ='[10]5'!$I$23+'[11]5'!$I$17+'[12]5'!$I$17+'[13]5'!$I$25+'[14]5'!$E$23+'[14]5'!$E$30+'[15]5'!$H$7 -> 706.47 | K6: =J6+'4'!K6 -> 3749.3 | L6: =K6+yc!L6 -> 265947 | M6: ='[10]5'!$L$23+'[11]5'!$L$17+'[12]5'!$L$17+'[13]5'!$L$25+'[14]5'!$H$23+'[14]5'!$H$30+'[15]5'!$K$7 -> 29311.54 | Q6: 回转窑2 | R6: ='[10]5'!$W$102 -> 0 | S6: ='[10]5'!$X$102 -> 0 | T6: ='[10]5'!$Y$102 -> 240.28021 | U6: ='[10]5'!$T$102 -> 0 | V6: ='[10]5'!$U$102 -> 0 | W6: ='[10]5'!$V$102 -> 34.970489 | X6: ='[10]5'!$Q$102 -> 0 | Y6: ='[10]5'!$R$102 -> 0 | Z6: ='[10]5'!$S$102 -> 2845.199
C7: M22.5 | F7: ='[12]5'!$D$22 -> 0 | G7: ='[12]5'!$E$22 -> 0 | H7: =G7+'4'!H7 -> 0 | I7: =H7+yc!I7 -> 0 | J7: ='[12]5'!$I$22 -> 0 | K7: =J7+'4'!K7 -> 0 | L7: =K7+yc!L7 -> 0 | M7: ='[12]5'!$L$22 -> 0 | Q7: 水泥磨1 | R7: ='[10]5'!$W$107 -> 121.47084 | S7: ='[10]5'!$X$107 -> 122.33437 | T7: ='[10]5'!$Y$107 -> 131.72541 | U7: ='[10]5'!$T$107 -> 49.291667 | V7: ='[10]5'!$U$107 -> 45.408333 | W7: ='[10]5'!$V$107 -> 31.218289 | X7: ='[10]5'!$Q$107 -> 11.83 | Y7: ='[10]5'!$R$107 -> 54.49 | Z7: ='[10]5'!$S$107 -> 2539.92
C8: P.042.5R | F8: ='[10]5'!$D$27+'[11]5'!$D$18+'[13]5'!$D$26+'[14]5'!$D$10+'[14]5'!$D$17+'[15]5'!$D$9 -> 41879.9 | G8: ='[10]5'!$E$27+'[11]5'!$E$18+'[13]5'!$E$26+'[14]5'!$E$10+'[14]5'!$E$17+'[15]5'!$E$9 -> 1656 | H8: =G8+'4'!H8 -> 5995 | I8: =H8+yc!I8 -> 531531.99 | J8: ='[10]5'!$I$27+'[11]5'!$I$18+'[13]5'!$I$26+'[14]5'!$E$25+'[14]5'!$E$32+'[15]5'!$H$9 -> 2310.64 | K8: =J8+'4'!K8 -> 12422.61 | L8: =K8+yc!L8 -> 520167.32 | M8: ='[10]5'!$L$27+'[11]5'!$L$18+'[13]5'!$L$26+'[14]5'!$H$25+'[14]5'!$H$32+'[15]5'!$K$9 -> 35452.29 | Q8: 水泥磨2 | R8: ='[10]5'!$W$108 -> 120.71006 | S8: ='[10]5'!$X$108 -> 126.10619 | T8: ='[10]5'!$Y$108 -> 127.39122 | U8: ='[10]5'!$T$108 -> 49.291667 | V8: ='[10]5'!$U$108 -> 47.083333 | W8: ='[10]5'!$V$108 -> 27.696042 | X8: ='[10]5'!$Q$108 -> 11.83 | Y8: ='[10]5'!$R$108 -> 56.5 | Z8: ='[10]5'!$S$108 -> 2253.35
C9: P.042.5 | F9: ='[10]5'!$D$24+'[11]5'!$D$19+'[12]5'!$D$20+'[13]5'!$D$27+'[14]5'!$D$11+'[14]5'!$D$18+'[15]5'!$D$10 -> 110865.71 | G9: ='[10]5'!$E$24+'[11]5'!$E$19+'[12]5'!$E$20+'[13]5'!$E$27+'[14]5'!$E$11+'[14]5'!$E$18+'[15]5'!$E$10 -> 25933 | H9: =G9+'4'!H9 -> 79387 | I9: =H9+yc!I9 -> 4214775.9 | J9: ='[10]5'!$I$24+'[11]5'!$I$19+'[12]5'!$I$20+'[13]5'!$I$27+'[14]5'!$E$26+'[14]5'!$E$33+'[15]5'!$H$10 -> 17038.251 | K9: =J9+'4'!K9 -> 75041.797 | L9: =K9+yc!L9 -> 4172520.6 | M9: ='[10]5'!$L$24+'[11]5'!$L$19+'[12]5'!$L$20+'[13]5'!$L$27+'[14]5'!$H$26+'[14]5'!$H$33+'[15]5'!$K$10 -> 115210.91 | Q9: 水泥磨3 | R9: ='[10]5'!$W$109 -> 251.90194 | S9: ='[10]5'!$X$109 -> 270.36522 | T9: ='[10]5'!$Y$109 -> 271.29393 | U9: ='[10]5'!$T$109 -> 49.291667 | V9: ='[10]5'!$U$109 -> 47.916667 | W9: ='[10]5'!$V$109 -> 35.067478 | X9: ='[10]5'!$Q$109 -> 11.83 | Y9: ='[10]5'!$R$109 -> 57.5 | Z9: ='[10]5'!$S$109 -> 2853.09
